N,seed,K,scp_success,scp_reason,scp_time,scp_iterations,scp_cost,scp_min_dist,scp_worst_violation,contact_success,contact_reason,contact_time,contact_contacts,contact_max_contacts_single_pair,contact_cost,contact_min_dist,position_rmse,max_position_deviation
2,0,100,True,converged,0.003393888473510742,0,0.5635523001448987,1.4386265965582528,0.0,True,converged,0.0208587646484375,0,0,0.5747635667211365,1.4370811041632128,0.02871345457578534,0.05493055438180567
2,1,100,True,converged,0.004151105880737305,0,0.3746283418584623,1.407666143841083,0.0,True,converged,0.012519121170043945,0,0,0.3820811695844947,1.4076636550957566,0.023410929019153,0.041820940352565214
2,2,100,True,converged,0.024183034896850586,3,0.546107885154558,0.5000000102681921,0.0,True,converged,0.013013839721679688,1,1,0.5570960771892023,0.5000005388964156,0.024762702687323446,0.051741862122244006
2,3,100,True,converged,0.003178834915161133,0,0.8425132686272235,4.646565492551279,0.0,True,converged,0.012611865997314453,0,0,0.8592741634832444,4.646556889645479,0.0351080499670346,0.07022746842689338
2,4,100,True,converged,0.003147125244140625,0,0.4895296805657605,2.4732318329261007,0.0,True,converged,0.012913942337036133,0,0,0.4992683467807545,2.47285695373139,0.026761339489078873,0.049441175592861694
2,5,100,True,converged,0.0033757686614990234,0,0.9525747234159487,2.907552100812033,0.0,True,converged,0.012572050094604492,0,0,0.9715251724785403,2.907121083817696,0.037330848381856845,0.07308683118212927
2,6,100,True,converged,0.0030257701873779297,0,0.37077761076656834,2.011895181575334,0.0,True,converged,0.012630939483642578,0,0,0.3781538323412753,2.011227818118225,0.023290300069201596,0.03818248411241638
2,7,100,True,converged,0.0032529830932617188,0,0.1869973237474304,5.000860280785462,0.0,True,converged,0.012459993362426758,0,0,0.19071743427672197,5.000860280785462,0.016540019937067656,0.027288084174179127
2,8,100,True,converged,0.0031731128692626953,0,0.8539257246564906,1.2831203404744853,0.0,True,converged,0.012537956237792969,0,0,0.8709136580443405,1.282687617257311,0.03534503219946239,0.059705644864460394
2,9,100,True,converged,0.0031652450561523438,0,0.09762768265707922,3.6862925980082775,0.0,True,converged,0.012497901916503906,0,0,0.09956988034699629,3.686292598008278,0.01195101588249021,0.023287625139882247
4,0,100,True,converged,0.05767321586608887,2,0.9678577650171343,0.5000000000000006,0.0,True,converged,0.029329299926757812,1,1,0.9870896523130694,0.5000184813123595,0.044311861054846115,0.08924711360797567
4,1,100,True,converged,0.005693197250366211,0,0.5695637141281801,0.533438202221222,0.0,True,converged,0.027623891830444336,0,0,0.580894571316767,0.5330320303427439,0.034327880428226806,0.0842676603564287
4,2,100,True,converged,0.005469799041748047,0,0.2770941906443428,1.0618969745848068,0.0,True,converged,0.02803492546081543,0,0,0.28260668138786577,1.061511573952492,0.02394360517522236,0.0639780239625142
4,3,100,True,converged,0.005536079406738281,0,1.0263172760292405,1.0430680080584294,0.0,True,converged,0.027146100997924805,0,0,1.0467347538221632,1.0430680080584283,0.04608044366144248,0.09501363164931279
4,4,100,True,converged,0.031034231185913086,2,0.5350888654262842,0.5000000000000002,0.0,True,converged,0.02903890609741211,1,1,0.5457349085925179,0.5000290303583719,0.03319709771586532,0.05560968265807407
4,5,100,True,converged,0.0055239200592041016,0,0.2350913936330302,1.1132138818481327,0.0,True,converged,0.026974916458129883,0,0,0.2397682839289632,1.1132140715496222,0.0220543466909527,0.04875148813245509
4,6,100,True,converged,0.0054378509521484375,0,1.134600689490566,0.7639577885851861,0.0,True,converged,0.02680182456970215,0,0,1.1571723492711894,0.762338375589614,0.04845039852498326,0.09289615799331133
4,7,100,True,converged,0.0055141448974609375,0,0.8427842594070977,1.8854119122755912,0.0,True,converged,0.02751779556274414,0,0,0.8595505453330682,1.8853738605477863,0.04175745674852786,0.07571729960790022
4,8,100,True,converged,0.546917200088501,10,1.085921117672402,0.5000000042398947,0.0,True,converged,0.04126405715942383,3,1,1.107528492114329,0.5000011104073825,0.048346974523675736,0.08739297524863357
4,9,100,True,converged,0.005488157272338867,0,0.5401440854096751,1.018696010238679,0.0,True,converged,0.02779221534729004,0,0,0.5508896707431878,1.0186007856096921,0.033429558775955145,0.07303094899236875
6,0,100,True,converged,0.10978913307189941,2,1.4422589924527955,0.5,0.0,True,converged,0.04712963104248047,1,1,1.4710327287976983,0.5000377940447548,0.06616370070736434,0.14492788503085077
6,1,100,True,converged,0.148284912109375,3,1.5323786310405079,0.5000000165466753,0.0,True,converged,0.055174827575683594,2,1,1.562927134800203,0.500003850347591,0.06391649291101134,0.1248239425042149
6,2,100,True,converged,0.21176981925964355,4,1.0000256310970346,0.49999999999999983,0.0,True,converged,0.054412126541137695,2,1,1.0200644909253984,0.5000035046659819,0.054304517771093665,0.12662997637631565
6,3,100,True,converged,0.6602592468261719,13,0.9380023849578358,0.5000042405367878,0.0,True,converged,0.04733920097351074,1,1,0.9567673621096398,0.5000213854412259,0.05761921427082853,0.12256574061073598
6,4,100,True,converged,0.008236169815063477,0,0.6699546746179826,0.9324295448506686,0.0,True,converged,0.04436993598937988,0,0,0.6832827019354212,0.9323902595063426,0.041202290301911804,0.07168251848632454
6,5,100,True,converged,0.008062124252319336,0,0.7509056365265587,0.8173264311631478,0.0,True,converged,0.043974876403808594,0,0,0.765844096120339,0.8156954239445492,0.043620569265311195,0.09953950858933094
6,6,100,True,converged,0.008097171783447266,0,1.6254934278327002,0.6388063420112118,0.0,True,converged,0.044064998626708984,0,0,1.657830870395998,0.6387421873552173,0.06417875024331693,0.12072233247714712
6,7,100,True,converged,0.008098125457763672,0,1.2730668320072391,0.7326609373059867,0.0,True,converged,0.04460310935974121,0,0,1.298393126690671,0.7304233680655554,0.056796849800053305,0.12493457722094489
6,8,100,True,converged,0.008080720901489258,0,1.1366578391662516,1.283638596150922,0.0,True,converged,0.04486989974975586,0,0,1.1592704237259863,1.28354837804038,0.053667766626443264,0.12894165577155278
6,9,100,True,converged,0.20909380912780762,4,0.9292645476148802,0.5000000007505421,0.0,True,converged,0.054960012435913086,2,1,0.9477840506742965,0.5000018486379292,0.04999698959880853,0.116738271670534
8,0,100,True,converged,0.8299739360809326,6,1.5162829629192043,0.5000021259061853,0.0,True,converged,0.07256698608398438,1,1,1.546441601304134,0.500020222427741,0.06783867306623505,0.16002674628545707
8,1,100,True,converged,0.010480165481567383,0,1.0540473983371181,0.8985747372202112,0.0,True,converged,0.06506109237670898,0,0,1.0750165370731426,0.89850865327541,0.05553456844168445,0.13081697746698553
8,2,100,True,converged,1.2142689228057861,5,0.7256817034486858,0.5,0.0,True,converged,0.16382122039794922,4,1,0.7402152658178704,0.5000006087286055,0.045009196033693306,0.09309739306563096
8,3,100,True,converged,0.824105978012085,4,1.7731467901631863,0.5000000000968156,0.0,True,converged,0.1063227653503418,3,1,1.8067770748414174,0.5000286214877638,0.18283609335269055,0.659510472065952
8,4,100,True,converged,0.2075200080871582,2,0.8410652708203905,0.4999999999999999,0.0,True,converged,0.06989002227783203,1,1,0.8578145362724274,0.5000264518479991,0.048962187162508684,0.14163552869770643
8,5,100,True,converged,0.010318994522094727,0,0.953189013765797,0.8410553113461904,0.0,True,converged,0.06496310234069824,0,0,0.9721516834738593,0.8409440863927189,0.05281081199603653,0.14899490220117
8,6,100,True,converged,0.010168075561523438,0,0.9958146165226667,0.5918002547108755,0.0,True,converged,0.06514096260070801,0,0,1.0156252767284297,0.5917438371691038,0.05397871967355174,0.13665118687508337
8,7,100,True,converged,0.47849392890930176,3,1.0587604406648796,0.5000000215865744,0.0,True,converged,0.07013082504272461,1,1,1.0800086667243542,0.5000001966004468,0.057615171762294574,0.1415648801930516
8,8,100,True,converged,0.3550281524658203,3,1.9843037746187373,0.5000000000242935,0.0,True,converged,0.1148378849029541,3,1,2.023976079896691,0.5000999108915334,0.07880509663549372,0.16855584188104628
8,9,100,True,converged,0.23563575744628906,2,0.7892723764379871,0.5000000000000001,0.0,True,converged,0.06999087333679199,1,1,0.804977435011509,0.5000007077594187,0.048336785280527365,0.1043180598084053
10,0,100,True,converged,2.1310830116271973,10,2.0579580400762523,0.5,0.0,True,converged,0.11622786521911621,2,1,2.09892685695985,0.5000011184872807,0.08053148860843724,0.16134853133545735
10,1,100,True,converged,0.38122081756591797,2,1.0529079202357137,0.5000000000000011,0.0,True,converged,0.09703516960144043,1,1,1.073859128191685,0.5000268901039122,0.05805666799981545,0.1245443209733463
10,2,100,True,converged,1.2508580684661865,5,0.8925231533618101,0.5000000029586867,0.0,True,converged,0.12153792381286621,2,1,0.9103036266860749,0.5000204924362158,0.05361499868645638,0.14084865186174717
10,3,100,True,converged,2.449535846710205,5,1.440117231315802,0.4999999999999999,0.0,True,converged,0.36574792861938477,5,1,1.4689581114921744,0.5000050275617157,0.06984982791970974,0.1606885897672317
10,4,100,True,converged,1.3053202629089355,6,1.7793062976890235,0.5000000000000003,0.0,True,converged,0.11680102348327637,2,1,1.814930877552685,0.5000118432990507,0.07211008948535137,0.17113973238875538
10,5,100,True,converged,1.5083210468292236,4,1.168284655050667,0.5000000093127381,0.0,True,converged,0.09641289710998535,1,1,1.1915491617825715,0.5000021091603934,0.06151459508044313,0.1616674614858403
10,6,100,True,converged,0.012356042861938477,0,1.4921509197096525,0.563788921148065,0.0,True,converged,0.08921074867248535,0,0,1.5218356565628908,0.56247061600023,0.0698662139896511,0.15536645640621066
10,7,100,True,converged,0.9246430397033691,4,1.51236154125346,0.5000000000005853,0.0,True,converged,0.11830711364746094,2,1,1.54255703980918,0.5000518188435233,0.06636032630229831,0.18486286511937583
10,8,100,True,converged,0.9467310905456543,4,1.4333736220390734,0.5000000190542104,0.0,True,converged,0.09684300422668457,1,1,1.4620779853133243,0.5000896286116076,0.07335146537900326,0.1936746822110267
10,9,100,True,converged,2.5536417961120605,11,1.9189930700752567,0.5000000000228407,0.0,True,converged,0.21849918365478516,4,1,1.9584186951626725,0.5000137503513217,0.19215089583122053,0.6786298370927526
12,0,100,True,converged,2.831113815307617,5,1.841848076208274,0.5000016928676682,0.0,True,converged,0.12992167472839355,1,1,1.8784845541697455,0.5000288359559822,0.08215575170136465,0.18545111084664306
12,1,100,True,converged,3.1186389923095703,5,1.476342639748661,0.5000000000000672,0.0,True,converged,0.21194005012512207,3,1,1.5058647510438452,0.5000241730565813,0.07971009809654893,0.19783672506329616
12,2,100,True,converged,0.841170072555542,2,0.8069652718621093,0.5000000000000002,0.0,True,converged,0.12934589385986328,1,1,0.8230234689605036,0.5001016817421883,0.05310174424061617,0.14185400508437668
12,3,100,True,converged,6.372593879699707,4,1.1494219198677214,0.5000000005170414,0.0,True,converged,0.30698227882385254,3,1,1.1727597343479885,0.5000000730549807,0.07116958498847228,0.20924734575473602
12,4,100,True,converged,3.2484290599823,5,1.6381768893287956,0.5000000001548871,0.0,True,converged,0.1267859935760498,1,1,1.6708989330955257,0.5000034249679299,0.07391744317371236,0.17137468294592484
12,5,100,True,converged,3.434494972229004,6,1.3817406037650302,0.5000000000000006,0.0,True,converged,0.21933388710021973,3,1,1.409268135036946,0.5000023165552009,0.06900987148118308,0.13649670656278132
12,6,100,True,converged,6.244749069213867,7,1.7597987425946877,0.4999999999999997,0.0,True,converged,0.653771162033081,6,1,1.7938439229605856,0.5000062492558476,0.20280689730770635,0.6756867150683726
12,7,100,True,converged,2.2404842376708984,3,1.201151058362545,0.5000000001055809,0.0,True,converged,0.15746402740478516,2,1,1.225090420289059,0.5000015570701427,0.06472223000738696,0.1649809345237005
12,8,100,True,converged,2.8892412185668945,4,1.8111805829316552,0.5000000000014317,0.0,True,converged,0.3061649799346924,4,1,1.8474590312699404,0.49945758396852585,0.07967834597855196,0.20131667895877695
12,9,100,True,converged,0.01448202133178711,0,1.4664672760242259,0.6205913856685649,0.0,True,converged,0.11895108222961426,0,0,1.4956410644243523,0.6199466100911298,0.07249237591818329,0.15640653493195208
