r0x,r0y,rTx,rTy,v0x,v0y,vTx,vTy,method,side_gap,K_used,cost,winding,min_distance,eps_scale,strict,regime_scp,width_slopes,dual_shares,dua_res,osqp_status,flag,id
1.5,0.0,-1.5,0.05,-0.0,-4.0,0.13325932093055393,3.997779627916618,solved,0.3842438842302114,200,0.08849097703518935,-1,0.9992961813970237,1.0,True,1,0.50,0.21,2.9127563011543955e-06,solved,,L2_00000
1.5,0.0,-1.5,0.05,-0.0,-4.0,0.11993338883749853,3.598001665124956,solved,0.3640644734297185,200,0.08597658317698607,-1,0.9998545559529807,1.0,True,1,0.53,0.36,2.4481933800224454e-06,solved,,L2_00001
1.5,0.0,-1.5,0.05,-0.0,-4.0,0.10660745674444315,3.1982237023332942,solved,0.3437739175625477,200,0.08459809193380108,-1,0.9996000226407935,1.0,True,1,0.50,0.25,5.833612179886871e-06,solved,,L2_00002
1.5,0.0,-1.5,0.05,-0.0,-4.0,0.09328152465138774,2.7984457395416324,solved,0.3234001829662733,200,0.08438151336316009,-1,0.999618839423401,1.0,True,1,0.51,0.25,7.828035646029186e-06,solved,,L2_00003
1.5,0.0,-1.5,0.05,-0.0,-4.0,0.07995559255833236,2.3986677767499707,solved,0.3029756464303974,200,0.08533432348276696,-1,0.9996950207755856,1.0,True,1,0.51,0.23,0.00010632748038043312,solved,,L2_00004
1.5,0.0,-1.5,0.05,-0.0,-4.0,0.06662966046527696,1.998889813958309,solved,0.28243972966524844,200,0.08745317083765723,-1,0.9997098423200724,1.0,True,1,0.50,0.24,5.034946211401881e-06,solved,,L2_00005
1.5,0.0,-1.5,0.05,-0.0,-4.0,0.05330372837222156,1.5991118511666467,solved,0.2618591990653444,200,0.09073252520257345,-1,0.9996061062774988,1.0,True,1,0.50,0.21,7.512261845143975e-06,solved,,L2_00006
1.5,0.0,-1.5,0.05,-0.0,-4.0,0.03997779627916617,1.1993338883749851,solved,0.24138213471044911,200,0.09517925165485062,-1,0.9996396948335895,1.0,True,1,0.49,0.21,3.528558976562124e-06,solved,,L2_00007
1.5,0.0,-1.5,0.05,-0.0,-4.0,0.02665186418611078,0.7995559255833233,solved,0.220862414916391,200,0.10077441673460244,-1,0.999665606598237,1.0,True,1,0.49,0.20,2.4218224646941827e-05,solved,,L2_00008
1.5,0.0,-1.5,0.05,-0.0,-4.0,0.01332593209305539,0.39977796279166167,solved,0.2003796701300981,200,0.1074988398163384,-1,0.9996004698209622,1.0,True,1,0.48,0.19,9.847166002496799e-06,solved,,L2_00009
1.5,0.0,-1.5,0.05,-0.0,-4.0,-0.0,-0.0,solved,0.18002805297740407,200,0.11536301257932371,-1,0.9997268096804544,1.0,True,1,0.49,0.21,1.4013690977476845e-05,solved,,L2_00010
1.5,0.0,-1.5,0.05,-0.0,-4.0,-0.013325932093055404,-0.3997779627916621,solved,0.15978722821172311,200,0.12430191540553856,-1,0.9995778601673466,1.0,True,1,0.46,0.17,9.955771626546372e-06,solved,,L2_00011
1.5,0.0,-1.5,0.05,-0.0,-4.0,-0.026651864186110808,-0.7995559255833242,solved,0.1397840336099268,200,0.13433727043727878,-1,0.9995428381469453,1.0,True,1,0.44,0.16,5.918697024487329e-06,solved,,L2_00012
1.5,0.0,-1.5,0.05,-0.0,-4.0,-0.039977796279166186,-1.1993338883749856,solved,0.11991626305623565,200,0.14546379199059084,-1,0.9996664460072342,1.0,True,1,0.44,0.16,8.869249270469103e-06,solved,,L2_00013
1.5,0.0,-1.5,0.05,-0.0,-4.0,-0.05330372837222159,-1.5991118511666476,solved,0.10033782502390626,200,0.15762005338958063,-1,0.9996428218947461,1.0,True,1,0.43,0.14,6.512880120601583e-06,solved,,L2_00014
1.5,0.0,-1.5,0.05,-0.0,-4.0,-0.06662966046527696,-1.998889813958309,solved,0.08094010509403743,200,0.17082977942173022,-1,0.9997498803573088,1.0,True,1,0.41,0.16,4.157973863216924e-06,solved,,L2_00015
1.5,0.0,-1.5,0.05,-0.0,-4.0,-0.07995559255833237,-2.398667776749971,solved,0.06189018747739172,200,0.18505283828855412,-1,0.9998449347428483,1.0,True,1,0.40,0.19,5.7235328605236e-05,solved,,L2_00016
1.5,0.0,-1.5,0.05,-0.0,-4.0,-0.09328152465138777,-2.7984457395416333,solved,0.04314478466834465,200,0.20025180163200101,-1,0.999787405163111,1.0,True,1,0.40,0.15,2.413046063406976e-05,solved,,L2_00017
1.5,0.0,-1.5,0.05,-0.0,-4.0,-0.10660745674444315,-3.1982237023332942,solved,0.024722598885886904,200,0.21643295317129857,-1,0.9997230384665879,1.0,True,1,0.38,0.12,1.4391823664856011e-05,solved,,L2_00018
1.5,0.0,-1.5,0.05,-0.0,-4.0,-0.11993338883749854,-3.5980016651249564,solved,0.006566558377298554,200,0.2335816453074212,-1,0.9996663710269927,1.0,True,1,0.36,0.10,3.531327913108839e-05,solved,,L2_00019
1.5,0.0,-1.5,0.05,-0.0,-4.0,-0.13325932093055393,-3.997779627916618,solved,0.011341070404055298,200,0.2403980712060526,0,0.9997409057441211,1.0,True,1,0.38,0.13,4.018746547373997e-05,solved,,L2_00020
1.5,0.0,-1.5,0.05,-0.0,-3.6,0.13325932093055393,3.997779627916618,solved,0.363999698801326,200,0.08597362506400288,-1,0.9996275494901791,1.0,True,1,0.53,0.27,6.49950488992238e-06,solved,,L2_00021
1.5,0.0,-1.5,0.05,-0.0,-3.6,0.11993338883749853,3.598001665124956,solved,0.34407851325242056,200,0.08360091680066428,-1,0.9994821789429278,1.0,True,1,0.51,0.22,2.1151488917015016e-06,solved,,L2_00022
1.5,0.0,-1.5,0.05,-0.0,-3.6,0.10660745674444315,3.1982237023332942,solved,0.3239700458460669,200,0.082371749954949,-1,0.9996519525625762,1.0,True,1,0.50,0.24,1.5733156904507162e-06,solved,,L2_00023
1.5,0.0,-1.5,0.05,-0.0,-3.6,0.09328152465138774,2.7984457395416324,solved,0.30379393993921194,200,0.08229167051470804,-1,0.9996910747938434,1.0,True,1,0.51,0.23,2.7873753277729563e-06,solved,,L2_00024
1.5,0.0,-1.5,0.05,-0.0,-3.6,0.07995559255833236,2.3986677767499707,solved,0.28350821460218284,200,0.083371455106315,-1,0.9997056464252427,1.0,True,1,0.50,0.26,1.4283874985476785e-05,solved,,L2_00025
1.5,0.0,-1.5,0.05,-0.0,-3.6,0.06662966046527696,1.998889813958309,solved,0.2632063773468949,200,0.08561269494552015,-1,0.9996594988343777,1.0,True,1,0.49,0.19,0.00018345504404534955,solved,,L2_00026
1.5,0.0,-1.5,0.05,-0.0,-3.6,0.05330372837222156,1.5991118511666467,solved,0.24284742187949365,200,0.0890064433619878,-1,0.9995626060503441,1.0,True,1,0.50,0.18,2.266024999864058e-06,solved,,L2_00027
1.5,0.0,-1.5,0.05,-0.0,-3.6,0.03997779627916617,1.1993338883749851,solved,0.2224780718368919,200,0.09356755199992134,-1,0.9995888809139098,1.0,True,1,0.49,0.19,8.877148073682672e-06,solved,,L2_00028
1.5,0.0,-1.5,0.05,-0.0,-3.6,0.02665186418611078,0.7995559255833233,solved,0.2021481775044716,200,0.09926617964072013,-1,0.9995214932558493,1.0,True,1,0.47,0.16,2.269373258700913e-06,solved,,L2_00029
1.5,0.0,-1.5,0.05,-0.0,-3.6,0.01332593209305539,0.39977796279166167,solved,0.18180374371359628,200,0.10610913128181346,-1,0.9995732831935658,1.0,True,1,0.46,0.17,4.284763832684835e-06,solved,,L2_00030
1.5,0.0,-1.5,0.05,-0.0,-3.6,-0.0,-0.0,solved,0.16159662202437347,200,0.11407518011710917,-1,0.9996451243323359,1.0,True,1,0.46,0.16,0.0004670903624374976,solved,,L2_00031
1.5,0.0,-1.5,0.05,-0.0,-3.6,-0.013325932093055404,-0.3997779627916621,solved,0.14154903389781437,200,0.123148085138508,-1,0.9997468286262086,1.0,True,1,0.45,0.19,2.8015293990657497e-05,solved,,L2_00032
1.5,0.0,-1.5,0.05,-0.0,-3.6,-0.026651864186110808,-0.7995559255833242,solved,0.12165596632191764,200,0.13328276079662862,-1,0.9996279336988082,1.0,True,1,0.43,0.14,1.6360677819734354e-05,solved,,L2_00033
1.5,0.0,-1.5,0.05,-0.0,-3.6,-0.039977796279166186,-1.1993338883749856,solved,0.10192265888412616,200,0.14451619653715703,-1,0.9997596684563732,1.0,True,1,0.42,0.17,3.0275915811034393e-05,solved,,L2_00034
1.5,0.0,-1.5,0.05,-0.0,-3.6,-0.05330372837222159,-1.5991118511666476,solved,0.08245262466996406,200,0.1567633681183052,-1,0.999612572047004,1.0,True,1,0.41,0.12,8.22888652241005e-06,solved,,L2_00035
1.5,0.0,-1.5,0.05,-0.0,-3.6,-0.06662966046527696,-1.998889813958309,solved,0.06316946347074012,200,0.17010070919184833,-1,0.9998420761512485,1.0,True,1,0.39,0.16,3.28315726318691e-05,solved,,L2_00036
1.5,0.0,-1.5,0.05,-0.0,-3.6,-0.07995559255833237,-2.398667776749971,solved,0.04420555669435755,200,0.18442872018725942,-1,0.9998877507106207,1.0,True,1,0.37,0.16,2.9882485745865578e-05,solved,,L2_00037
1.5,0.0,-1.5,0.05,-0.0,-3.6,-0.09328152465138777,-2.7984457395416333,solved,0.025519538787283885,200,0.19974839151186027,-1,0.9998706872373505,1.0,True,1,0.35,0.13,0.0002386254251953319,solved,,L2_00038
1.5,0.0,-1.5,0.05,-0.0,-3.6,-0.10660745674444315,-3.1982237023332942,solved,0.007114900575468042,200,0.21604878323086124,-1,0.9998157744798644,1.0,True,arc,0.33,0.10,6.553475576268773e-05,solved,,L2_00039
1.5,0.0,-1.5,0.05,-0.0,-3.6,-0.11993338883749854,-3.5980016651249564,solved,0.011022997513484956,200,0.22230328960870976,0,0.9996648742768031,1.0,True,1,0.36,0.10,1.5838875164320143e-05,solved,,L2_00040
1.5,0.0,-1.5,0.05,-0.0,-3.6,-0.13325932093055393,-3.997779627916618,solved,0.028871212872992102,200,0.22270928496929798,0,0.9997697356666052,1.0,True,1,0.40,0.14,0.0003779517640261133,solved,,L2_00041
1.5,0.0,-1.5,0.05,-0.0,-3.2,0.13325932093055393,3.997779627916618,solved,0.3437323877597396,200,0.08459916031314293,-1,0.9995945826825661,1.0,True,1,0.50,0.26,1.6900563812121598e-05,solved,,L2_00042
1.5,0.0,-1.5,0.05,-0.0,-3.2,0.11993338883749853,3.598001665124956,solved,0.3239351787687227,200,0.08237238363739897,-1,0.9996523106504571,1.0,True,1,0.50,0.23,3.633391553940723e-06,solved,,L2_00043
1.5,0.0,-1.5,0.05,-0.0,-3.2,0.10660745674444315,3.1982237023332942,solved,0.30404403471143815,200,0.0812732135812555,-1,0.9995579816131198,1.0,True,1,0.51,0.23,1.5495254467312591e-06,solved,,L2_00044
1.5,0.0,-1.5,0.05,-0.0,-3.2,0.09328152465138774,2.7984457395416324,solved,0.28404072365829075,200,0.08133479843455843,-1,0.999759156612958,1.0,True,1,0.51,0.27,4.4112757080494447e-07,solved,,L2_00045
1.5,0.0,-1.5,0.05,-0.0,-3.2,0.07995559255833236,2.3986677767499707,solved,0.263890860124516,200,0.08254511416867216,-1,0.9998209271249312,1.0,True,1,0.52,0.30,3.509381035105008e-06,solved,,L2_00046
1.5,0.0,-1.5,0.05,-0.0,-3.2,0.06662966046527696,1.998889813958309,solved,0.24378124304142235,200,0.08489336164175887,-1,0.9995685700861627,1.0,True,1,0.49,0.20,2.4250491037491884e-06,solved,,L2_00047
1.5,0.0,-1.5,0.05,-0.0,-3.2,0.05330372837222156,1.5991118511666467,solved,0.22363605649488022,200,0.08841852213892681,-1,0.9995955457719147,1.0,True,1,0.48,0.18,1.5273260547629584e-05,solved,,L2_00048
1.5,0.0,-1.5,0.05,-0.0,-3.2,0.03997779627916617,1.1993338883749851,solved,0.20340306339296432,200,0.093099604768206,-1,0.9996546623240327,1.0,True,1,0.47,0.18,7.641760084720062e-06,solved,,L2_00049
1.5,0.0,-1.5,0.05,-0.0,-3.2,0.02665186418611078,0.7995559255833233,solved,0.18324464371999216,200,0.09891584064515334,-1,0.9995966608691677,1.0,True,1,0.47,0.16,1.301607858072984e-05,solved,,L2_00050
1.5,0.0,-1.5,0.05,-0.0,-3.2,0.01332593209305539,0.39977796279166167,solved,0.1631040669830245,200,0.10587303988248276,-1,0.9996507470235911,1.0,True,1,0.45,0.16,7.71907821839335e-06,solved,,L2_00051
1.5,0.0,-1.5,0.05,-0.0,-3.2,-0.0,-0.0,solved,0.14307744440577086,200,0.11394110042271062,-1,0.9996240827746204,1.0,True,1,0.44,0.15,1.3243497885451205e-05,solved,,L2_00052
1.5,0.0,-1.5,0.05,-0.0,-3.2,-0.013325932093055404,-0.3997779627916621,solved,0.12313565769065923,200,0.12313908205634669,-1,0.9998076959887041,1.0,True,1,0.42,0.18,1.7170856998149908e-05,solved,,L2_00053
1.5,0.0,-1.5,0.05,-0.0,-3.2,-0.026651864186110808,-0.7995559255833242,solved,0.10335541447170832,200,0.13337411429861762,-1,0.9996103915475628,1.0,True,1,0.41,0.12,9.259148304796572e-06,solved,,L2_00054
1.5,0.0,-1.5,0.05,-0.0,-3.2,-0.039977796279166186,-1.1993338883749856,solved,0.08373200102688244,200,0.14470744756799891,-1,0.9996202942992889,1.0,True,1,0.40,0.12,3.924527429199909e-06,solved,,L2_00055
1.5,0.0,-1.5,0.05,-0.0,-3.2,-0.05330372837222159,-1.5991118511666476,solved,0.06436290057028757,200,0.15709575775187615,-1,0.9996408140788385,1.0,True,1,0.37,0.10,5.443753033795851e-06,solved,,L2_00056
1.5,0.0,-1.5,0.05,-0.0,-3.2,-0.06662966046527696,-1.998889813958309,solved,0.04520905274084669,200,0.17052830833862265,-1,0.9997295910561961,1.0,True,1,0.35,0.10,0.0002893496821676771,solved,,L2_00057
1.5,0.0,-1.5,0.05,-0.0,-3.2,-0.07995559255833237,-2.398667776749971,solved,0.026283613124377603,200,0.18500558776844556,-1,0.9999437219696645,1.0,True,arc,0.33,0.13,0.0002451929854574115,solved,,L2_00058
1.5,0.0,-1.5,0.05,-0.0,-3.2,-0.09328152465138777,-2.7984457395416333,solved,0.007654521004824694,200,0.20044763650032224,-1,0.9998960102184584,1.0,True,arc,0.31,0.09,4.216966872441399e-05,solved,,L2_00059
1.5,0.0,-1.5,0.05,-0.0,-3.2,-0.10660745674444315,-3.1982237023332942,solved,0.010734982401220478,200,0.20615069035043046,0,0.9997983160077393,1.0,True,arc,0.34,0.10,1.2249033776390306e-05,solved,,L2_00060
1.5,0.0,-1.5,0.05,-0.0,-3.2,-0.11993338883749854,-3.5980016651249564,solved,0.028825303946885678,200,0.2054664140738483,0,0.9999074967084303,1.0,True,1,0.38,0.17,1.352621870820414e-05,solved,,L2_00061
1.5,0.0,-1.5,0.05,-0.0,-3.2,-0.13325932093055393,-3.997779627916618,solved,0.046760208080314225,200,0.2059257201569335,0,0.9995675780546435,1.0,True,1,0.41,0.13,3.3703598145045158e-06,solved,,L2_00062
1.5,0.0,-1.5,0.05,-0.0,-2.8,0.13325932093055393,3.997779627916618,solved,0.3233696337428358,200,0.08438195945740945,-1,0.9995308446207241,1.0,True,1,0.51,0.20,0.00020289058976337795,solved,,L2_00063
1.5,0.0,-1.5,0.05,-0.0,-2.8,0.11993338883749853,3.598001665124956,solved,0.3037814415796612,200,0.08229345872505484,-1,0.9996909610402716,1.0,True,1,0.49,0.22,3.1663664340981795e-06,solved,,L2_00064
1.5,0.0,-1.5,0.05,-0.0,-2.8,0.10660745674444315,3.1982237023332942,solved,0.28406796309245824,200,0.08132630712006855,-1,0.9995933581687864,1.0,True,1,0.50,0.22,1.5911861659279047e-05,solved,,L2_00065
1.5,0.0,-1.5,0.05,-0.0,-2.8,0.09328152465138774,2.7984457395416324,solved,0.2642412419846013,200,0.08152008821363041,-1,0.9998173970061798,1.0,True,1,0.49,0.29,1.071690882640413e-05,solved,,L2_00066
1.5,0.0,-1.5,0.05,-0.0,-2.8,0.07995559255833236,2.3986677767499707,solved,0.24434729965578875,200,0.08284572639758733,-1,0.9996871914066338,1.0,True,1,0.49,0.20,5.4775111689793634e-05,solved,,L2_00067
1.5,0.0,-1.5,0.05,-0.0,-2.8,0.06662966046527696,1.998889813958309,solved,0.22431168603491422,200,0.08532895964748019,-1,0.9996222235087502,1.0,True,1,0.48,0.18,5.591425126794114e-06,solved,,L2_00068
1.5,0.0,-1.5,0.05,-0.0,-2.8,0.05330372837222156,1.5991118511666467,solved,0.20430720423146614,200,0.08896953524761582,-1,0.9995687172718732,1.0,True,1,0.46,0.17,6.028564902837985e-06,solved,,L2_00069
1.5,0.0,-1.5,0.05,-0.0,-2.8,0.03997779627916617,1.1993338883749851,solved,0.18430298361845687,200,0.09377928524902036,-1,0.9997160137198972,1.0,True,1,0.46,0.19,1.417243765777787e-05,solved,,L2_00070
1.5,0.0,-1.5,0.05,-0.0,-2.8,0.02665186418611078,0.7995559255833233,solved,0.16427866352280146,200,0.09971486280037639,-1,0.9996728557741308,1.0,True,1,0.45,0.16,1.7601259285464352e-05,solved,,L2_00071
1.5,0.0,-1.5,0.05,-0.0,-2.8,0.01332593209305539,0.39977796279166167,solved,0.14431477145274252,200,0.10677583207237447,-1,0.9995802020116942,1.0,True,1,0.44,0.14,1.9844421333570228e-05,solved,,L2_00072
1.5,0.0,-1.5,0.05,-0.0,-2.8,-0.0,-0.0,solved,0.12437651752704951,200,0.1149744631884386,-1,0.9996475058469241,1.0,True,1,0.43,0.13,1.9647048537719447e-05,solved,,L2_00073
1.5,0.0,-1.5,0.05,-0.0,-2.8,-0.013325932093055404,-0.3997779627916621,solved,0.1045723049333395,200,0.12426940403807427,-1,0.999656819661419,1.0,True,1,0.40,0.12,0.00014315075535330105,solved,,L2_00074
1.5,0.0,-1.5,0.05,-0.0,-2.8,-0.026651864186110808,-0.7995559255833242,solved,0.08492242406753034,200,0.1346471502049861,-1,0.9996262907019756,1.0,True,1,0.38,0.10,1.9357094081184423e-05,solved,,L2_00075
1.5,0.0,-1.5,0.05,-0.0,-2.8,-0.039977796279166186,-1.1993338883749856,solved,0.06534819449514703,200,0.14613716551810707,-1,0.9998705762466247,1.0,True,1,0.35,0.13,1.2324474238711858e-05,solved,,L2_00076
1.5,0.0,-1.5,0.05,-0.0,-2.8,-0.05330372837222159,-1.5991118511666476,solved,0.04605532914498381,200,0.158644674766878,-1,0.9998350487649404,1.0,True,arc,0.34,0.10,7.74121929980609e-06,solved,,L2_00077
1.5,0.0,-1.5,0.05,-0.0,-2.8,-0.06662966046527696,-1.998889813958309,solved,0.026997095252946912,200,0.17219493882938045,-1,0.9998115803286536,1.0,True,arc,0.32,0.08,1.120942777824152e-05,solved,,L2_00078
1.5,0.0,-1.5,0.05,-0.0,-2.8,-0.07995559255833237,-2.398667776749971,solved,0.008105939342436391,200,0.1867950240041476,-1,0.9999412440876858,1.0,True,arc,0.30,0.09,1.4597277571692935e-05,solved,,L2_00079
1.5,0.0,-1.5,0.05,-0.0,-2.8,-0.09328152465138777,-2.7984457395416333,solved,0.01048454794873499,200,0.1919070669834314,0,0.9999550679133453,1.0,True,arc,0.32,0.11,1.1918807112376584e-06,solved,,L2_00080
1.5,0.0,-1.5,0.05,-0.0,-2.8,-0.10660745674444315,-3.1982237023332942,solved,0.028856338689014244,200,0.19011563568533918,0,0.9998985434035282,1.0,True,1,0.35,0.15,1.6145267746361935e-05,solved,,L2_00081
1.5,0.0,-1.5,0.05,-0.0,-2.8,-0.11993338883749854,-3.5980016651249564,solved,0.04701160803391691,200,0.18954543784657663,0,0.9998785810747401,1.0,True,1,0.39,0.18,3.942261802768188e-05,solved,,L2_00082
1.5,0.0,-1.5,0.05,-0.0,-2.8,-0.13325932093055393,-3.997779627916618,solved,0.06497757396887743,200,0.19013953958953772,0,0.9995989473561963,1.0,True,1,0.42,0.13,1.201888731350298e-05,solved,,L2_00083
1.5,0.0,-1.5,0.05,-0.0,-2.4,0.13325932093055393,3.997779627916618,solved,0.30293867211116177,200,0.08533658938884317,-1,0.9996507552905279,1.0,True,1,0.51,0.25,1.7250243769867653e-05,solved,,L2_00084
1.5,0.0,-1.5,0.05,-0.0,-2.4,0.11993338883749853,3.598001665124956,solved,0.2834990722541747,200,0.0833693733568496,-1,0.9995898523537665,1.0,True,1,0.49,0.22,1.3253966099802117e-05,solved,,L2_00085
1.5,0.0,-1.5,0.05,-0.0,-2.4,0.10660745674444315,3.1982237023332942,solved,0.26393498009334504,200,0.08253652311966662,-1,0.9996336651545497,1.0,True,1,0.49,0.24,9.59013593660081e-06,solved,,L2_00086
1.5,0.0,-1.5,0.05,-0.0,-2.4,0.09328152465138774,2.7984457395416324,solved,0.2443095327468706,200,0.08284582391798437,-1,0.9996720408568501,1.0,True,1,0.48,0.21,3.488334256451786e-06,solved,,L2_00087
1.5,0.0,-1.5,0.05,-0.0,-2.4,0.07995559255833236,2.3986677767499707,solved,0.22458901146867674,200,0.08429101047573792,-1,0.9995134983293883,1.0,True,1,0.49,0.17,2.043333485413079e-06,solved,,L2_00088
1.5,0.0,-1.5,0.05,-0.0,-2.4,0.06662966046527696,1.998889813958309,solved,0.20479989240423774,200,0.08691687658521802,-1,0.9996706528476476,1.0,True,1,0.48,0.19,1.1892251941869603e-05,solved,,L2_00089
1.5,0.0,-1.5,0.05,-0.0,-2.4,0.05330372837222156,1.5991118511666467,solved,0.18490197126704566,200,0.09068209573458286,-1,0.9996386267916614,1.0,True,1,0.45,0.17,1.5517712262824723e-05,solved,,L2_00090
1.5,0.0,-1.5,0.05,-0.0,-2.4,0.03997779627916617,1.1993338883749851,solved,0.16505224467925533,200,0.0955979513776058,-1,0.9996080972373664,1.0,True,1,0.44,0.14,3.956373133465022e-05,solved,,L2_00091
1.5,0.0,-1.5,0.05,-0.0,-2.4,0.02665186418611078,0.7995559255833233,solved,0.14512593582797,200,0.10167611314177716,-1,0.9997484857741867,1.0,True,1,0.43,0.15,4.451756736578716e-07,solved,,L2_00092
1.5,0.0,-1.5,0.05,-0.0,-2.4,0.01332593209305539,0.39977796279166167,solved,0.12531675172072046,200,0.10886370842526041,-1,0.9996905898051198,1.0,True,1,0.41,0.13,1.4616409108048067e-05,solved,,L2_00093
1.5,0.0,-1.5,0.05,-0.0,-2.4,-0.0,-0.0,solved,0.10549609548178365,200,0.1172004872600085,-1,0.9998600282354423,1.0,True,1,0.39,0.16,1.3500103507757544e-05,solved,,L2_00094
1.5,0.0,-1.5,0.05,-0.0,-2.4,-0.013325932093055404,-0.3997779627916621,solved,0.08584973141861668,200,0.12659076616612702,-1,0.9996347596277285,1.0,True,1,0.36,0.10,3.2516761267475935e-06,solved,,L2_00095
1.5,0.0,-1.5,0.05,-0.0,-2.4,-0.026651864186110808,-0.7995559255833242,solved,0.06621090699046325,200,0.13713257064003803,-1,0.9998515906415937,1.0,True,arc,0.35,0.11,8.668088368562267e-05,solved,,L2_00096
1.5,0.0,-1.5,0.05,-0.0,-2.4,-0.039977796279166186,-1.1993338883749856,solved,0.046821096167111775,200,0.14871322034658502,-1,0.9997910827117606,1.0,True,arc,0.32,0.08,2.609304965650594e-06,solved,,L2_00097
1.5,0.0,-1.5,0.05,-0.0,-2.4,-0.05330372837222159,-1.5991118511666476,solved,0.02757510224747739,200,0.1613880146591799,-1,0.9999598204578561,1.0,True,arc,0.29,0.09,0.00010026864101921203,solved,,L2_00098
1.5,0.0,-1.5,0.05,-0.0,-2.4,-0.06662966046527696,-1.998889813958309,solved,0.008574787266044603,200,0.17506657659591146,-1,0.9997898692734821,1.0,True,arc,0.28,0.06,7.4264214195984835e-06,solved,,L2_00099
1.5,0.0,-1.5,0.05,-0.0,-2.4,-0.07995559255833237,-2.398667776749971,solved,0.010278157289970946,200,0.17953799717417568,0,0.9998833557829484,1.0,True,arc,0.30,0.08,5.909260688108375e-06,solved,,L2_00100
1.5,0.0,-1.5,0.05,-0.0,-2.4,-0.09328152465138777,-2.7984457395416333,solved,0.02891336564059349,200,0.17667405335757885,0,0.9998311747918693,1.0,True,arc,0.34,0.11,7.846305022374267e-06,solved,,L2_00101
1.5,0.0,-1.5,0.05,-0.0,-2.4,-0.10660745674444315,-3.1982237023332942,solved,0.04730588903690716,200,0.17504239802372057,0,0.9998893804433939,1.0,True,1,0.37,0.15,2.2331823496838e-05,solved,,L2_00102
1.5,0.0,-1.5,0.05,-0.0,-2.4,-0.11993338883749854,-3.5980016651249564,solved,0.06552929197812724,200,0.174574209562728,0,0.9996779432098992,1.0,True,1,0.40,0.14,2.000564022354434e-05,solved,,L2_00103
1.5,0.0,-1.5,0.05,-0.0,-2.4,-0.13325932093055393,-3.997779627916618,solved,0.08350941609705231,200,0.17533528802790765,0,0.9996910606954101,1.0,True,1,0.44,0.15,3.778267972600548e-05,solved,,L2_00104
1.5,0.0,-1.5,0.05,-0.0,-2.0,0.13325932093055393,3.997779627916618,solved,0.28235752543343384,200,0.0874598797392124,-1,0.9997100959208068,1.0,True,1,0.50,0.24,4.587379500042843e-06,solved,,L2_00105
1.5,0.0,-1.5,0.05,-0.0,-2.0,0.11993338883749853,3.598001665124956,solved,0.2631607610468741,200,0.08561585256572685,-1,0.9996262532886229,1.0,True,1,0.49,0.20,3.7129702222275237e-06,solved,,L2_00106
1.5,0.0,-1.5,0.05,-0.0,-2.0,0.10660745674444315,3.1982237023332942,solved,0.24375648625513027,200,0.08490641984873368,-1,0.9996686018007761,1.0,True,1,0.49,0.21,5.1058190336794596e-06,solved,,L2_00107
1.5,0.0,-1.5,0.05,-0.0,-2.0,0.09328152465138774,2.7984457395416324,solved,0.22436024061976007,200,0.08533285671056823,-1,0.9996194432945803,1.0,True,1,0.48,0.18,5.154385929406757e-06,solved,,L2_00108
1.5,0.0,-1.5,0.05,-0.0,-2.0,0.07995559255833236,2.3986677767499707,solved,0.2047852415341867,200,0.08691071261554267,-1,0.99957680055573,1.0,True,1,0.46,0.17,2.3280114868295954e-05,solved,,L2_00109
1.5,0.0,-1.5,0.05,-0.0,-2.0,0.06662966046527696,1.998889813958309,solved,0.1851102842007104,200,0.08965386879131243,-1,0.9996400292111137,1.0,True,1,0.46,0.16,1.48496784169172e-06,solved,,L2_00110
1.5,0.0,-1.5,0.05,-0.0,-2.0,0.05330372837222156,1.5991118511666467,solved,0.1654125548766513,200,0.09354462178991146,-1,0.9996298029645174,1.0,True,1,0.44,0.14,4.348953823285484e-06,solved,,L2_00111
1.5,0.0,-1.5,0.05,-0.0,-2.0,0.03997779627916617,1.1993338883749851,solved,0.14566311866020962,200,0.09858857109732938,-1,0.999627394339556,1.0,True,1,0.41,0.13,3.848334126366204e-06,solved,,L2_00112
1.5,0.0,-1.5,0.05,-0.0,-2.0,0.02665186418611078,0.7995559255833233,solved,0.12595352666179735,200,0.10477825702612423,-1,0.9996501236395748,1.0,True,1,0.40,0.12,1.0139688524923862e-05,solved,,L2_00113
1.5,0.0,-1.5,0.05,-0.0,-2.0,0.01332593209305539,0.39977796279166167,solved,0.10621719094988329,200,0.11209685512545846,-1,0.9996248864527666,1.0,True,1,0.38,0.10,2.8023534094367974e-06,solved,,L2_00114
1.5,0.0,-1.5,0.05,-0.0,-2.0,-0.0,-0.0,solved,0.08655936115884322,200,0.12055960386658351,-1,0.999762904135447,1.0,True,1,0.36,0.10,0.00043436039937510185,solved,,L2_00115
1.5,0.0,-1.5,0.05,-0.0,-2.0,-0.013325932093055404,-0.3997779627916621,solved,0.0669564670770661,200,0.1301101329622687,-1,0.9996999167249829,1.0,True,arc,0.33,0.08,0.00048557498147934215,solved,,L2_00116
1.5,0.0,-1.5,0.05,-0.0,-2.0,-0.026651864186110808,-0.7995559255833242,solved,0.04745861374265137,200,0.14077184466196307,-1,0.9998318748971352,1.0,True,arc,0.31,0.08,0.0001485373791623544,solved,,L2_00117
1.5,0.0,-1.5,0.05,-0.0,-2.0,-0.039977796279166186,-1.1993338883749856,solved,0.028102136935264865,200,0.1525145743507038,-1,0.99986777276797,1.0,True,arc,0.29,0.06,0.0002132547137617018,solved,,L2_00118
1.5,0.0,-1.5,0.05,-0.0,-2.0,-0.05330372837222159,-1.5991118511666476,solved,0.008897888616860278,200,0.1653366287295529,-1,0.9999129943080344,1.0,True,arc,0.28,0.06,7.5017230743450085e-06,solved,,L2_00119
1.5,0.0,-1.5,0.05,-0.0,-2.0,-0.06662966046527696,-1.998889813958309,solved,0.01010526406351328,200,0.16909830874861378,0,0.9999561117644112,1.0,True,arc,0.29,0.07,0.00018791392484373344,solved,,L2_00120
1.5,0.0,-1.5,0.05,-0.0,-2.0,-0.07995559255833237,-2.398667776749971,solved,0.028970630005492548,200,0.16514038835634715,0,0.9996916779059158,1.0,True,arc,0.32,0.08,5.392663244618845e-06,solved,,L2_00121
1.5,0.0,-1.5,0.05,-0.0,-2.0,-0.09328152465138777,-2.7984457395416333,solved,0.04761912656653511,200,0.1624335770193101,0,0.9996683004011919,1.0,True,arc,0.35,0.09,1.2448823106776287e-05,solved,,L2_00122
1.5,0.0,-1.5,0.05,-0.0,-2.0,-0.10660745674444315,-3.1982237023332942,solved,0.06606812878882376,200,0.1609433475016798,0,0.9997488558385045,1.0,True,1,0.40,0.14,4.5940925639115227e-05,solved,,L2_00123
1.5,0.0,-1.5,0.05,-0.0,-2.0,-0.11993338883749854,-3.5980016651249564,solved,0.08433309894592184,200,0.1606304056899906,0,0.9997074858833781,1.0,True,1,0.41,0.14,0.000479054963942175,solved,,L2_00124
1.5,0.0,-1.5,0.05,-0.0,-2.0,-0.13325932093055393,-3.997779627916618,solved,0.10243777376033797,200,0.1614905311061498,0,0.9995884240684952,1.0,True,1,0.44,0.14,6.781719814000457e-05,solved,,L2_00125
1.5,0.0,-1.5,0.05,-0.0,-1.5999999999999996,0.13325932093055393,3.997779627916618,solved,0.2618775034176185,200,0.09074249915574098,-1,0.9996067885510121,1.0,True,1,0.50,0.21,4.3790287966860575e-06,solved,,L2_00126
1.5,0.0,-1.5,0.05,-0.0,-1.5999999999999996,0.11993338883749853,3.598001665124956,solved,0.24281971603409788,200,0.08901491460164104,-1,0.9995502804509028,1.0,True,1,0.50,0.17,2.3373480551351426e-05,solved,,L2_00127
1.5,0.0,-1.5,0.05,-0.0,-1.5999999999999996,0.10660745674444315,3.1982237023332942,solved,0.22364919176963288,200,0.08842745242852619,-1,0.99960746868243,1.0,True,1,0.47,0.18,4.4565136725349674e-06,solved,,L2_00128
1.5,0.0,-1.5,0.05,-0.0,-1.5999999999999996,0.09328152465138774,2.7984457395416324,solved,0.20431213723006264,200,0.08898376350273718,-1,0.9996525278948392,1.0,True,1,0.46,0.18,1.7553644224500446e-05,solved,,L2_00129
1.5,0.0,-1.5,0.05,-0.0,-1.5999999999999996,0.07995559255833236,2.3986677767499707,solved,0.18488404065672917,200,0.09069562035998233,-1,0.9997264290002839,1.0,True,1,0.45,0.18,8.817735231535099e-06,solved,,L2_00130
1.5,0.0,-1.5,0.05,-0.0,-1.5999999999999996,0.06662966046527696,1.998889813958309,solved,0.16544371956285478,200,0.09354619061856914,-1,0.9996216031639342,1.0,True,1,0.44,0.14,7.493611316471739e-05,solved,,L2_00131
1.5,0.0,-1.5,0.05,-0.0,-1.5999999999999996,0.05330372837222156,1.5991118511666467,solved,0.1458742217001689,200,0.09758169207178752,-1,0.9997665786157972,1.0,True,1,0.41,0.16,4.911478991731499e-06,solved,,L2_00132
1.5,0.0,-1.5,0.05,-0.0,-1.5999999999999996,0.03997779627916617,1.1993338883749851,solved,0.12627222368788932,200,0.10274010563694203,-1,0.9996580839258072,1.0,True,1,0.40,0.12,7.861917472536533e-06,solved,,L2_00133
1.5,0.0,-1.5,0.05,-0.0,-1.5999999999999996,0.02665186418611078,0.7995559255833233,solved,0.10665554007662134,200,0.10905659363861667,-1,0.9996528388325898,1.0,True,1,0.38,0.10,2.4757937548969267e-05,solved,,L2_00134
1.5,0.0,-1.5,0.05,-0.0,-1.5999999999999996,0.01332593209305539,0.39977796279166167,solved,0.08705311153000397,200,0.11651436266939064,-1,0.999678276780769,1.0,True,1,0.36,0.09,7.855732758521583e-06,solved,,L2_00135
1.5,0.0,-1.5,0.05,-0.0,-1.5999999999999996,-0.0,-0.0,solved,0.06747438307704978,200,0.1251032844802334,-1,0.9997306348778268,1.0,True,arc,0.32,0.08,1.5895141489030706e-05,solved,,L2_00136
1.5,0.0,-1.5,0.05,-0.0,-1.5999999999999996,-0.013325932093055404,-0.3997779627916621,solved,0.04793363698870684,200,0.1348131184651831,-1,0.9998251985932274,1.0,True,arc,0.30,0.07,6.131667907638416e-06,solved,,L2_00137
1.5,0.0,-1.5,0.05,-0.0,-1.5999999999999996,-0.026651864186110808,-0.7995559255833242,solved,0.02850395116181309,200,0.14562291520919907,-1,0.9998401067323622,1.0,True,arc,0.29,0.06,2.2276992421632613e-05,solved,,L2_00138
1.5,0.0,-1.5,0.05,-0.0,-1.5999999999999996,-0.039977796279166186,-1.1993338883749856,solved,0.009197408420261788,200,0.15753986884976628,-1,0.9998812687030623,1.0,True,arc,0.27,0.06,5.588096412550086e-05,solved,,L2_00139
1.5,0.0,-1.5,0.05,-0.0,-1.5999999999999996,-0.05330372837222159,-1.5991118511666476,solved,0.009977242106810114,200,0.1605320081288263,0,0.9997850063525124,1.0,True,arc,0.29,0.06,2.724497225159439e-06,solved,,L2_00140
1.5,0.0,-1.5,0.05,-0.0,-1.5999999999999996,-0.06662966046527696,-1.998889813958309,solved,0.028981566857641916,200,0.1555859455105235,0,0.9999561330035184,1.0,True,arc,0.30,0.09,7.32615947995896e-06,solved,,L2_00141
1.5,0.0,-1.5,0.05,-0.0,-1.5999999999999996,-0.07995559255833237,-2.398667776749971,solved,0.04787047046329096,200,0.15180403082603522,0,0.9997841531213265,1.0,True,arc,0.34,0.09,0.00024294518332927898,solved,,L2_00142
1.5,0.0,-1.5,0.05,-0.0,-1.5999999999999996,-0.09328152465138777,-2.7984457395416333,solved,0.06658801118897198,200,0.14922562717207072,0,0.9996410254389513,1.0,True,1,0.37,0.11,6.55234452778819e-06,solved,,L2_00143
1.5,0.0,-1.5,0.05,-0.0,-1.5999999999999996,-0.10660745674444315,-3.1982237023332942,solved,0.08511128780314015,200,0.14787503061440826,0,0.9997574822250309,1.0,True,1,0.41,0.15,4.23396111554619e-05,solved,,L2_00144
1.5,0.0,-1.5,0.05,-0.0,-1.5999999999999996,-0.11993338883749854,-3.5980016651249564,solved,0.10349776614924483,200,0.14766731117734544,0,0.9995693742870829,1.0,True,1,0.43,0.14,8.002918601923703e-06,solved,,L2_00145
1.5,0.0,-1.5,0.05,-0.0,-1.5999999999999996,-0.13325932093055393,-3.997779627916618,solved,0.12164634508401007,200,0.14866927203112196,0,0.9996363963681758,1.0,True,1,0.46,0.16,1.1617793975016166e-05,solved,,L2_00146
1.5,0.0,-1.5,0.05,-0.0,-1.1999999999999997,0.13325932093055393,3.997779627916618,solved,0.24134283168745502,200,0.09519138060957444,-1,0.9996375389686956,1.0,True,1,0.49,0.20,2.6912038492143964e-06,solved,,L2_00147
1.5,0.0,-1.5,0.05,-0.0,-1.1999999999999997,0.11993338883749853,3.598001665124956,solved,0.22243482384928456,200,0.09358819178312708,-1,0.9996880439672676,1.0,True,1,0.49,0.20,5.139662137110257e-06,solved,,L2_00148
1.5,0.0,-1.5,0.05,-0.0,-1.1999999999999997,0.10660745674444315,3.1982237023332942,solved,0.203427624982534,200,0.09310977437615384,-1,0.9996405372179216,1.0,True,1,0.47,0.18,7.343747431276526e-06,solved,,L2_00149
1.5,0.0,-1.5,0.05,-0.0,-1.1999999999999997,0.09328152465138774,2.7984457395416324,solved,0.1842953242295512,200,0.09377976964430267,-1,0.9996216037930452,1.0,True,1,0.45,0.17,1.000090112612817e-05,solved,,L2_00150
1.5,0.0,-1.5,0.05,-0.0,-1.1999999999999997,0.07995559255833236,2.3986677767499707,solved,0.1650317863206901,200,0.09560671417674597,-1,0.9996231036415951,1.0,True,1,0.45,0.15,8.748659887425347e-06,solved,,L2_00151
1.5,0.0,-1.5,0.05,-0.0,-1.1999999999999997,0.06662966046527696,1.998889813958309,solved,0.14570455142106298,200,0.09859420490969246,-1,0.9996339370776166,1.0,True,1,0.41,0.13,0.00017927080969156476,solved,,L2_00152
1.5,0.0,-1.5,0.05,-0.0,-1.1999999999999997,0.05330372837222156,1.5991118511666467,solved,0.12627810265980122,200,0.10274318617917022,-1,0.9996621230699616,1.0,True,1,0.40,0.12,4.0543862460757815e-06,solved,,L2_00153
1.5,0.0,-1.5,0.05,-0.0,-1.1999999999999997,0.03997779627916617,1.1993338883749851,solved,0.10677848368426034,200,0.10805209173521672,-1,0.9997155113144766,1.0,True,1,0.37,0.11,2.8691916260648043e-06,solved,,L2_00154
1.5,0.0,-1.5,0.05,-0.0,-1.1999999999999997,0.02665186418611078,0.7995559255833233,solved,0.08728192259571818,200,0.11449981918962779,-1,0.9996809228717146,1.0,True,arc,0.35,0.09,0.0001510801769060764,solved,,L2_00155
1.5,0.0,-1.5,0.05,-0.0,-1.1999999999999997,0.01332593209305539,0.39977796279166167,solved,0.067773254139019,200,0.12209787489532961,-1,0.9997214687823667,1.0,True,arc,0.33,0.07,4.909689456988886e-06,solved,,L2_00156
1.5,0.0,-1.5,0.05,-0.0,-1.1999999999999997,-0.0,-0.0,solved,0.04824185723456148,200,0.13083338082476853,-1,0.9997718766095722,1.0,True,arc,0.30,0.06,6.279982513346383e-06,solved,,L2_00157
1.5,0.0,-1.5,0.05,-0.0,-1.1999999999999997,-0.013325932093055404,-0.3997779627916621,solved,0.028807768771926034,200,0.14069762755005494,-1,0.9998227600411276,1.0,True,arc,0.28,0.05,5.450626364256195e-06,solved,,L2_00158
1.5,0.0,-1.5,0.05,-0.0,-1.1999999999999997,-0.026651864186110808,-0.7995559255833242,solved,0.009410452142908005,200,0.1516926050112702,-1,0.9998475552861036,1.0,True,arc,0.26,0.05,1.349534100618025e-05,solved,,L2_00159
1.5,0.0,-1.5,0.05,-0.0,-1.1999999999999997,-0.039977796279166186,-1.1993338883749856,solved,0.009857822496787294,200,0.1539038421866134,0,0.9998651353936834,1.0,True,arc,0.28,0.05,5.63264039499245e-06,solved,,L2_00160
1.5,0.0,-1.5,0.05,-0.0,-1.1999999999999997,-0.05330372837222159,-1.5991118511666476,solved,0.02902973748049792,200,0.14790761340513314,0,0.9999109676759693,1.0,True,arc,0.30,0.07,5.78091437208883e-06,solved,,L2_00161
1.5,0.0,-1.5,0.05,-0.0,-1.1999999999999997,-0.06662966046527696,-1.998889813958309,solved,0.048097480533099646,200,0.14309693573658283,0,0.9998138504158169,1.0,True,arc,0.33,0.09,7.978369091055093e-06,solved,,L2_00162
1.5,0.0,-1.5,0.05,-0.0,-1.1999999999999997,-0.07995559255833237,-2.398667776749971,solved,0.06700629787463525,200,0.1394938941643868,0,0.9998228804648159,1.0,True,1,0.36,0.12,2.6336415536232227e-05,solved,,L2_00163
1.5,0.0,-1.5,0.05,-0.0,-1.1999999999999997,-0.09328152465138777,-2.7984457395416333,solved,0.08580111919324077,200,0.13704780749526102,0,0.9996183462423082,1.0,True,1,0.39,0.12,1.6279222705472998e-05,solved,,L2_00164
1.5,0.0,-1.5,0.05,-0.0,-1.1999999999999997,-0.10660745674444315,-3.1982237023332942,solved,0.10439607686880864,200,0.13582361144475158,0,0.9996846834929264,1.0,True,1,0.42,0.15,2.3921767515644888e-05,solved,,L2_00165
1.5,0.0,-1.5,0.05,-0.0,-1.1999999999999997,-0.11993338883749854,-3.5980016651249564,solved,0.12283176535518181,200,0.13575333649940496,0,0.9995995192917964,1.0,True,1,0.44,0.15,4.4307533312304415e-06,solved,,L2_00166
1.5,0.0,-1.5,0.05,-0.0,-1.1999999999999997,-0.13325932093055393,-3.997779627916618,solved,0.1411316373302193,200,0.13686046819667255,0,0.999588139740327,1.0,True,1,0.46,0.17,4.36298719655448e-06,solved,,L2_00167
1.5,0.0,-1.5,0.05,-0.0,-0.7999999999999998,0.13325932093055393,3.997779627916618,solved,0.22074087567750883,200,0.10078269562060821,-1,0.9995715988062844,1.0,True,1,0.49,0.20,1.0121329427792425e-05,solved,,L2_00168
1.5,0.0,-1.5,0.05,-0.0,-0.7999999999999998,0.11993338883749853,3.598001665124956,solved,0.2020876209982687,200,0.09930027695896969,-1,0.999718899242665,1.0,True,1,0.49,0.20,1.1339237821430029e-05,solved,,L2_00169
1.5,0.0,-1.5,0.05,-0.0,-0.7999999999999998,0.10660745674444315,3.1982237023332942,solved,0.18321938217124228,200,0.09893218323670389,-1,0.9996173827336645,1.0,True,1,0.47,0.16,0.00014060187449095477,solved,,L2_00170
1.5,0.0,-1.5,0.05,-0.0,-0.7999999999999998,0.09328152465138774,2.7984457395416324,solved,0.16418958123890903,200,0.09972853795393112,-1,0.9996756708153169,1.0,True,1,0.45,0.16,7.605032337654194e-06,solved,,L2_00171
1.5,0.0,-1.5,0.05,-0.0,-0.7999999999999998,0.07995559255833236,2.3986677767499707,solved,0.14507229122588994,200,0.10170036183855057,-1,0.9998595597985075,1.0,True,1,0.44,0.19,0.00011901856906293465,solved,,L2_00172
1.5,0.0,-1.5,0.05,-0.0,-0.7999999999999998,0.06662966046527696,1.998889813958309,solved,0.12593425795498414,200,0.10478611106185175,-1,0.9996329525929156,1.0,True,1,0.40,0.12,0.00010428252619969614,solved,,L2_00173
1.5,0.0,-1.5,0.05,-0.0,-0.7999999999999998,0.05330372837222156,1.5991118511666467,solved,0.10663399587846045,200,0.10907071245699657,-1,0.999714243587892,1.0,True,1,0.38,0.11,1.9413900448350674e-05,solved,,L2_00174
1.5,0.0,-1.5,0.05,-0.0,-0.7999999999999998,0.03997779627916617,1.1993338883749851,solved,0.08724785914539201,200,0.1145305842332266,-1,0.9999075654270568,1.0,True,arc,0.34,0.13,2.945409112342645e-05,solved,,L2_00175
1.5,0.0,-1.5,0.05,-0.0,-0.7999999999999998,0.02665186418611078,0.7995559255833233,solved,0.06787583319407117,200,0.12109983283650474,-1,0.9997304209316255,1.0,True,arc,0.32,0.07,5.619665434219989e-06,solved,,L2_00176
1.5,0.0,-1.5,0.05,-0.0,-0.7999999999999998,0.01332593209305539,0.39977796279166167,solved,0.048425588353918914,200,0.12885876739585905,-1,0.999836707371797,1.0,True,arc,0.30,0.06,4.5893290055556914e-05,solved,,L2_00177
1.5,0.0,-1.5,0.05,-0.0,-0.7999999999999998,-0.0,-0.0,solved,0.028965385204528876,200,0.13775137650236668,-1,0.9998100270964358,1.0,True,arc,0.28,0.05,0.00012990774342172803,solved,,L2_00178
1.5,0.0,-1.5,0.05,-0.0,-0.7999999999999998,-0.013325932093055404,-0.3997779627916621,solved,0.009564253366746434,200,0.14779372607433205,-1,0.9998234856076413,1.0,True,arc,0.26,0.05,7.269782063112906e-06,solved,,L2_00179
1.5,0.0,-1.5,0.05,-0.0,-0.7999999999999998,-0.026651864186110808,-0.7995559255833242,solved,0.00979728157603435,200,0.14915441043060643,0,0.9998368961343426,1.0,True,arc,0.27,0.05,4.60970757143464e-06,solved,,L2_00180
1.5,0.0,-1.5,0.05,-0.0,-0.7999999999999998,-0.039977796279166186,-1.1993338883749856,solved,0.029062766726724976,200,0.1421553721041411,0,0.9999295220090263,1.0,True,arc,0.28,0.07,0.00018885007108041348,solved,,L2_00181
1.5,0.0,-1.5,0.05,-0.0,-0.7999999999999998,-0.05330372837222159,-1.5991118511666476,solved,0.048297046341915756,200,0.13630918543952364,0,0.9997439181030926,1.0,True,arc,0.32,0.07,7.61503149815379e-06,solved,,L2_00182
1.5,0.0,-1.5,0.05,-0.0,-0.7999999999999998,-0.06662966046527696,-1.998889813958309,solved,0.06738067341092716,200,0.13168304605209882,0,0.9998268120549049,1.0,True,1,0.35,0.10,0.00016352693020865361,solved,,L2_00183
1.5,0.0,-1.5,0.05,-0.0,-0.7999999999999998,-0.07995559255833237,-2.398667776749971,solved,0.08639014502922829,200,0.12822146984921964,0,0.9997930432092852,1.0,True,1,0.38,0.13,4.360141380888027e-06,solved,,L2_00184
1.5,0.0,-1.5,0.05,-0.0,-0.7999999999999998,-0.09328152465138777,-2.7984457395416333,solved,0.1052483561848308,200,0.12591723438102542,0,0.9996127411158838,1.0,True,1,0.41,0.13,1.130337527749381e-05,solved,,L2_00185
1.5,0.0,-1.5,0.05,-0.0,-0.7999999999999998,-0.10660745674444315,-3.1982237023332942,solved,0.12394952804634478,200,0.12482769753363822,0,0.9997212344179583,1.0,True,1,0.43,0.17,3.065120640555197e-05,solved,,L2_00186
1.5,0.0,-1.5,0.05,-0.0,-0.7999999999999998,-0.11993338883749854,-3.5980016651249564,solved,0.14248369823158813,200,0.12488117203005485,0,0.9996385137068082,1.0,True,1,0.46,0.17,3.170177932632079e-05,solved,,L2_00187
1.5,0.0,-1.5,0.05,-0.0,-0.7999999999999998,-0.13325932093055393,-3.997779627916618,solved,0.16088937866639907,200,0.12610353925339224,0,0.9996478135667669,1.0,True,1,0.47,0.18,2.2310622478038944e-05,solved,,L2_00188
1.5,0.0,-1.5,0.05,-0.0,-0.3999999999999999,0.13325932093055393,3.997779627916618,solved,0.20033901195929701,200,0.10752835256165097,-1,0.9997012892821627,1.0,True,1,0.48,0.22,3.530354476760644e-05,solved,,L2_00189
1.5,0.0,-1.5,0.05,-0.0,-0.3999999999999999,0.11993338883749853,3.598001665124956,solved,0.1817538010233688,200,0.10612817912426731,-1,0.9995749784927621,1.0,True,1,0.46,0.18,9.012396799734645e-06,solved,,L2_00190
1.5,0.0,-1.5,0.05,-0.0,-0.3999999999999999,0.10660745674444315,3.1982237023332942,solved,0.16307814339408708,200,0.1059072961361203,-1,0.9997985500342289,1.0,True,1,0.47,0.20,4.569892313122104e-06,solved,,L2_00191
1.5,0.0,-1.5,0.05,-0.0,-0.3999999999999999,0.09328152465138774,2.7984457395416324,solved,0.14427571842719833,200,0.10679194591310948,-1,0.9995769266240147,1.0,True,1,0.44,0.13,5.722930910612156e-06,solved,,L2_00192
1.5,0.0,-1.5,0.05,-0.0,-0.3999999999999999,0.07995559255833236,2.3986677767499707,solved,0.12523269397393533,200,0.10887790015300522,-1,0.9996897972982532,1.0,True,1,0.41,0.13,9.037243099196957e-06,solved,,L2_00193
1.5,0.0,-1.5,0.05,-0.0,-0.3999999999999999,0.06662966046527696,1.998889813958309,solved,0.10622364485753122,200,0.11210897929287211,-1,0.9996270855809217,1.0,True,1,0.38,0.11,1.9661893877365166e-05,solved,,L2_00194
1.5,0.0,-1.5,0.05,-0.0,-0.3999999999999999,0.05330372837222156,1.5991118511666467,solved,0.08702265873137907,200,0.11653118804052162,-1,0.9997333422740379,1.0,True,arc,0.35,0.10,1.8977285490273665e-05,solved,,L2_00195
1.5,0.0,-1.5,0.05,-0.0,-0.3999999999999999,0.03997779627916617,1.1993338883749851,solved,0.06772598020407278,200,0.12211091120365228,-1,0.9997651466021246,1.0,True,arc,0.32,0.08,2.7760544485389005e-06,solved,,L2_00196
1.5,0.0,-1.5,0.05,-0.0,-0.3999999999999999,0.02665186418611078,0.7995559255833233,solved,0.04837721800301925,200,0.12886283437394735,-1,0.9998644936797225,1.0,True,arc,0.30,0.06,4.974515778188859e-06,solved,,L2_00197
1.5,0.0,-1.5,0.05,-0.0,-0.3999999999999999,0.01332593209305539,0.39977796279166167,solved,0.029012633270951244,200,0.13678272242721998,-1,0.9999041334580407,1.0,True,arc,0.28,0.05,8.144239836905545e-05,solved,,L2_00198
1.5,0.0,-1.5,0.05,-0.0,-0.3999999999999999,-0.0,-0.0,solved,0.009629447606721492,200,0.14584992446250483,-1,0.9998374023775028,1.0,True,arc,0.25,0.04,4.919643724732303e-06,solved,,L2_00199
1.5,0.0,-1.5,0.05,-0.0,-0.3999999999999999,-0.013325932093055404,-0.3997779627916621,solved,0.009746019642726866,200,0.14631495032551411,0,0.9998279798209788,1.0,True,arc,0.27,0.05,4.141785416300614e-06,solved,,L2_00200
1.5,0.0,-1.5,0.05,-0.0,-0.3999999999999999,-0.026651864186110808,-0.7995559255833242,solved,0.02911020357884464,200,0.13831853385699228,0,0.9999081928505693,1.0,True,arc,0.29,0.06,8.030313974116687e-06,solved,,L2_00201
1.5,0.0,-1.5,0.05,-0.0,-0.3999999999999999,-0.039977796279166186,-1.1993338883749856,solved,0.04845322157076612,200,0.13147508644536923,0,0.9998107198634528,1.0,True,arc,0.31,0.07,3.727978420853262e-06,solved,,L2_00202
1.5,0.0,-1.5,0.05,-0.0,-0.3999999999999999,-0.05330372837222159,-1.5991118511666476,solved,0.06769362488922778,200,0.1258095637016549,0,0.9997364082198826,1.0,True,arc,0.34,0.09,1.7829614944009364e-05,solved,,L2_00203
1.5,0.0,-1.5,0.05,-0.0,-0.3999999999999999,-0.06662966046527696,-1.998889813958309,solved,0.08687895823763156,200,0.12132352567486707,0,0.9997372751596585,1.0,True,1,0.37,0.11,3.377874222776356e-05,solved,,L2_00204
1.5,0.0,-1.5,0.05,-0.0,-0.3999999999999999,-0.07995559255833237,-2.398667776749971,solved,0.10592612066352579,200,0.11798974149938186,0,0.999589538557967,1.0,True,1,0.40,0.12,2.9066240150310563e-06,solved,,L2_00205
1.5,0.0,-1.5,0.05,-0.0,-0.3999999999999999,-0.09328152465138777,-2.7984457395416333,solved,0.1248770917692445,200,0.11586156389011856,0,0.9996834239826434,1.0,True,1,0.42,0.14,7.542210333305618e-05,solved,,L2_00206
1.5,0.0,-1.5,0.05,-0.0,-0.3999999999999999,-0.10660745674444315,-3.1982237023332942,solved,0.1436720194883707,200,0.11490529662147334,0,0.9998700884695693,1.0,True,1,0.45,0.23,5.181951392645458e-06,solved,,L2_00207
1.5,0.0,-1.5,0.05,-0.0,-0.3999999999999999,-0.11993338883749854,-3.5980016651249564,solved,0.1623553301878098,200,0.11506828610218683,0,0.999686182333848,1.0,True,1,0.48,0.17,1.6488816029225362e-06,solved,,L2_00208
1.5,0.0,-1.5,0.05,-0.0,-0.3999999999999999,-0.13325932093055393,-3.997779627916618,solved,0.18087875663246372,200,0.11639586764972548,0,0.9996227881448545,1.0,True,1,0.46,0.19,1.669302925877414e-05,solved,,L2_00209
1.5,0.0,-1.5,0.05,0.0,0.0,0.13325932093055393,3.997779627916618,solved,0.17994557103398523,200,0.11538658151457404,-1,0.999727221950685,1.0,True,1,0.47,0.21,1.2667171981783909e-05,solved,,L2_00210
1.5,0.0,-1.5,0.05,0.0,0.0,0.11993338883749853,3.598001665124956,solved,0.1615711032633639,200,0.11409500190254632,-1,0.9996223033367321,1.0,True,1,0.46,0.16,3.89663478306268e-06,solved,,L2_00211
1.5,0.0,-1.5,0.05,0.0,0.0,0.10660745674444315,3.1982237023332942,solved,0.14300315528552393,200,0.11396250686315929,-1,0.9996249819642202,1.0,True,1,0.44,0.15,5.672393352584848e-06,solved,,L2_00212
1.5,0.0,-1.5,0.05,0.0,0.0,0.09328152465138774,2.7984457395416324,solved,0.1243158901389863,200,0.1149945835553568,-1,0.9996516834571604,1.0,True,1,0.41,0.13,5.655788932301675e-06,solved,,L2_00213
1.5,0.0,-1.5,0.05,0.0,0.0,0.07995559255833236,2.3986677767499707,solved,0.10548947423078239,200,0.11719096024842873,-1,0.9996508572360303,1.0,True,1,0.39,0.11,3.860081658460258e-05,solved,,L2_00214
1.5,0.0,-1.5,0.05,0.0,0.0,0.06662966046527696,1.998889813958309,solved,0.08651476750358839,200,0.12057366781934403,-1,0.9997514669348255,1.0,True,1,0.35,0.10,2.0508674754893264e-05,solved,,L2_00215
1.5,0.0,-1.5,0.05,0.0,0.0,0.05330372837222156,1.5991118511666467,solved,0.06744132233348049,200,0.12511703981097055,-1,0.999741155394026,1.0,True,arc,0.32,0.08,9.835690779169681e-06,solved,,L2_00216
1.5,0.0,-1.5,0.05,0.0,0.0,0.03997779627916617,1.1993338883749851,solved,0.04821800368660681,200,0.13085641598605485,-1,0.9998683370353079,1.0,True,arc,0.30,0.07,1.8394897305484825e-05,solved,,L2_00217
1.5,0.0,-1.5,0.05,0.0,0.0,0.02665186418611078,0.7995559255833233,solved,0.028935480971878424,200,0.1377737838672744,-1,0.9998981974780734,1.0,True,arc,0.28,0.06,1.1733285351311906e-05,solved,,L2_00218
1.5,0.0,-1.5,0.05,0.0,0.0,0.01332593209305539,0.39977796279166167,solved,0.009622574579079946,200,0.14585377886509582,-1,0.9998404526276775,1.0,True,arc,0.25,0.05,4.886175587692776e-06,solved,,L2_00219
1.5,0.0,-1.5,0.05,0.0,0.0,-0.0,-0.0,solved,0.009732467477931772,200,0.14537000486269847,0,0.9998779489376631,1.0,True,arc,0.26,0.05,3.5192577776399503e-06,solved,,L2_00220
1.5,0.0,-1.5,0.05,0.0,0.0,-0.013325932093055404,-0.3997779627916621,solved,0.02912593679519232,200,0.1363900295305192,0,0.9998388008928429,1.0,True,arc,0.29,0.05,7.985568825757417e-05,solved,,L2_00221
1.5,0.0,-1.5,0.05,0.0,0.0,-0.026651864186110808,-0.7995559255833242,solved,0.0485273534904391,200,0.12856614193159466,0,0.9997874836264131,1.0,True,arc,0.31,0.07,1.4040977493134932e-05,solved,,L2_00222
1.5,0.0,-1.5,0.05,0.0,0.0,-0.039977796279166186,-1.1993338883749856,solved,0.06788331995617197,200,0.12189881940415231,0,0.9997311757752634,1.0,True,arc,0.34,0.08,0.00010467537160728303,solved,,L2_00223
1.5,0.0,-1.5,0.05,0.0,0.0,-0.05330372837222159,-1.5991118511666476,solved,0.08723558896667723,200,0.11638769901888528,0,0.9996514892224517,1.0,True,1,0.36,0.10,2.734555816885642e-05,solved,,L2_00224
1.5,0.0,-1.5,0.05,0.0,0.0,-0.06662966046527696,-1.998889813958309,solved,0.1064638070514713,200,0.11204683990461989,0,0.9996380729436951,1.0,True,1,0.39,0.12,1.9192565686720897e-05,solved,,L2_00225
1.5,0.0,-1.5,0.05,0.0,0.0,-0.07995559255833237,-2.398667776749971,solved,0.12560419329294553,200,0.10887477092884473,0,0.9996491814349343,1.0,True,1,0.41,0.13,2.800722644136222e-06,solved,,L2_00226
1.5,0.0,-1.5,0.05,0.0,0.0,-0.09328152465138777,-2.7984457395416333,solved,0.14466581981124502,200,0.10686204287844173,0,0.9996256654943941,1.0,True,1,0.43,0.15,6.2082686106412766e-06,solved,,L2_00227
1.5,0.0,-1.5,0.05,0.0,0.0,-0.10660745674444315,-3.1982237023332942,solved,0.16363532744213588,200,0.10601329656860858,0,0.9996252627052644,1.0,True,1,0.44,0.16,1.4032051171240612e-05,solved,,L2_00228
1.5,0.0,-1.5,0.05,0.0,0.0,-0.11993338883749854,-3.5980016651249564,solved,0.1824039707696411,200,0.10632187110737468,0,0.9996481530881807,1.0,True,1,0.47,0.19,1.6559403227256464e-05,solved,,L2_00229
1.5,0.0,-1.5,0.05,0.0,0.0,-0.13325932093055393,-3.997779627916618,solved,0.20102806301671666,200,0.10777440065753241,0,0.9996885383235923,1.0,True,1,0.47,0.23,1.2864449214722296e-05,solved,,L2_00230
1.5,0.0,-1.5,0.05,0.0,0.40000000000000036,0.13325932093055393,3.997779627916618,solved,0.15971310263989896,200,0.12432970374921148,-1,0.9995783103108248,1.0,True,1,0.46,0.17,8.868745514534204e-06,solved,,L2_00231
1.5,0.0,-1.5,0.05,0.0,0.40000000000000036,0.11993338883749853,3.598001665124956,solved,0.14150548591345574,200,0.12315331402485846,-1,0.9995744776592199,1.0,True,1,0.45,0.15,7.191539790808798e-05,solved,,L2_00232
1.5,0.0,-1.5,0.05,0.0,0.40000000000000036,0.10660745674444315,3.1982237023332942,solved,0.12307437458966008,200,0.1231388112051992,-1,0.9996071010719028,1.0,True,1,0.42,0.14,9.548604143538864e-06,solved,,L2_00233
1.5,0.0,-1.5,0.05,0.0,0.40000000000000036,0.09328152465138774,2.7984457395416324,solved,0.10451002198945848,200,0.1242847382174035,-1,0.9995957302325095,1.0,True,1,0.40,0.12,2.2010960922802525e-05,solved,,L2_00234
1.5,0.0,-1.5,0.05,0.0,0.40000000000000036,0.07995559255833236,2.3986677767499707,solved,0.08577855375107302,200,0.12661216018631444,-1,0.9996296103465598,1.0,True,1,0.36,0.10,7.137042465077403e-06,solved,,L2_00235
1.5,0.0,-1.5,0.05,0.0,0.40000000000000036,0.06662966046527696,1.998889813958309,solved,0.06692049333898928,200,0.13012892569805495,-1,0.9997171309965697,1.0,True,arc,0.33,0.08,2.0700867424783276e-05,solved,,L2_00236
1.5,0.0,-1.5,0.05,0.0,0.40000000000000036,0.05330372837222156,1.5991118511666467,solved,0.04789758744076272,200,0.13483646084415302,-1,0.9998711512783576,1.0,True,arc,0.30,0.07,7.186328993889424e-05,solved,,L2_00237
1.5,0.0,-1.5,0.05,0.0,0.40000000000000036,0.03997779627916617,1.1993338883749851,solved,0.02875832845753068,200,0.1407245559781362,-1,0.9998699246831179,1.0,True,arc,0.28,0.05,0.00035308780575490396,solved,,L2_00238
1.5,0.0,-1.5,0.05,0.0,0.40000000000000036,0.02665186418611078,0.7995559255833233,solved,0.009536399693411357,200,0.14781074333260824,-1,0.9998576716722651,1.0,True,arc,0.26,0.05,4.162280317410172e-06,solved,,L2_00239
1.5,0.0,-1.5,0.05,0.0,0.40000000000000036,0.01332593209305539,0.39977796279166167,solved,0.009761690690211072,200,0.14630710615522174,0,0.999829350661255,1.0,True,arc,0.27,0.05,2.5877395703142775e-05,solved,,L2_00240
1.5,0.0,-1.5,0.05,0.0,0.40000000000000036,-0.0,-0.0,solved,0.02913177182377602,200,0.13638782832263252,0,0.9998655345654635,1.0,True,arc,0.29,0.06,6.1725068383200465e-06,solved,,L2_00241
1.5,0.0,-1.5,0.05,0.0,0.40000000000000036,-0.013325932093055404,-0.3997779627916621,solved,0.04859502657831796,200,0.12758663349333887,0,0.9997182103128865,1.0,True,arc,0.31,0.06,2.4061893554097165e-05,solved,,L2_00242
1.5,0.0,-1.5,0.05,0.0,0.40000000000000036,-0.026651864186110808,-0.7995559255833242,solved,0.06801636688504917,200,0.11993734688539984,0,0.9996964121988122,1.0,True,arc,0.33,0.08,1.7203649841590618e-05,solved,,L2_00243
1.5,0.0,-1.5,0.05,0.0,0.40000000000000036,-0.039977796279166186,-1.1993338883749856,solved,0.08746055144327408,200,0.11342642462385347,0,0.9996267805667655,1.0,True,1,0.36,0.09,3.0126926852114266e-06,solved,,L2_00244
1.5,0.0,-1.5,0.05,0.0,0.40000000000000036,-0.05330372837222159,-1.5991118511666476,solved,0.10684790842438943,200,0.10808046045626826,0,0.9996597806474636,1.0,True,1,0.39,0.11,1.0200241044033831e-05,solved,,L2_00245
1.5,0.0,-1.5,0.05,0.0,0.40000000000000036,-0.06662966046527696,-1.998889813958309,solved,0.12617881905559408,200,0.1038780667559011,0,0.9996082369280649,1.0,True,1,0.41,0.12,1.1219690180475084e-05,solved,,L2_00246
1.5,0.0,-1.5,0.05,0.0,0.40000000000000036,-0.07995559255833237,-2.398667776749971,solved,0.14545162901984213,200,0.10083812715242196,0,0.9995736655359276,1.0,True,1,0.44,0.13,3.651411828009543e-06,solved,,L2_00247
1.5,0.0,-1.5,0.05,0.0,0.40000000000000036,-0.09328152465138777,-2.7984457395416333,solved,0.16461901590584463,200,0.09896962086950942,0,0.9996525672003556,1.0,True,1,0.45,0.16,5.530443600743062e-06,solved,,L2_00248
1.5,0.0,-1.5,0.05,0.0,0.40000000000000036,-0.10660745674444315,-3.1982237023332942,solved,0.18362027376192946,200,0.09824007646117872,0,0.9995777642549287,1.0,True,1,0.46,0.16,8.292125341591294e-06,solved,,L2_00249
1.5,0.0,-1.5,0.05,0.0,0.40000000000000036,-0.11993338883749854,-3.5980016651249564,solved,0.2025869546625413,200,0.0986933075328654,0,0.9998564182306496,1.0,True,1,0.49,0.27,9.055343779402053e-06,solved,,L2_00250
1.5,0.0,-1.5,0.05,0.0,0.40000000000000036,-0.13325932093055393,-3.997779627916618,solved,0.22143281143570664,200,0.1002373167152818,0,0.9996592344781852,1.0,True,1,0.49,0.22,1.9496817876940575e-05,solved,,L2_00251
1.5,0.0,-1.5,0.05,0.0,0.8000000000000007,0.13325932093055393,3.997779627916618,solved,0.13969600510797117,200,0.13436897312234555,-1,0.9995426521993986,1.0,True,1,0.44,0.16,3.168072172987646e-06,solved,,L2_00252
1.5,0.0,-1.5,0.05,0.0,0.8000000000000007,0.11993338883749853,3.598001665124956,solved,0.12156601048734003,200,0.13331262735020347,-1,0.9996353444749869,1.0,True,1,0.43,0.14,1.6213795688184485e-05,solved,,L2_00253
1.5,0.0,-1.5,0.05,0.0,0.8000000000000007,0.10660745674444315,3.1982237023332942,solved,0.1033140600019326,200,0.13340348516438283,-1,0.9996114658130428,1.0,True,1,0.41,0.12,1.648160337591742e-05,solved,,L2_00254
1.5,0.0,-1.5,0.05,0.0,0.8000000000000007,0.09328152465138774,2.7984457395416324,solved,0.08485367729634102,200,0.1346754174835738,-1,0.9996293212064853,1.0,True,1,0.37,0.11,1.1590614562961734e-05,solved,,L2_00255
1.5,0.0,-1.5,0.05,0.0,0.8000000000000007,0.07995559255833236,2.3986677767499707,solved,0.06621165763536635,200,0.13714604380674317,-1,0.9997532556801225,1.0,True,arc,0.35,0.09,0.0004267974718874894,solved,,L2_00256
1.5,0.0,-1.5,0.05,0.0,0.8000000000000007,0.06662966046527696,1.998889813958309,solved,0.04739909294118144,200,0.14080512710172408,-1,0.9998995739708493,1.0,True,arc,0.30,0.08,6.145330312845587e-06,solved,,L2_00257
1.5,0.0,-1.5,0.05,0.0,0.8000000000000007,0.05330372837222156,1.5991118511666467,solved,0.028462103075297368,200,0.14564374497088378,-1,0.999833944304886,1.0,True,arc,0.29,0.06,0.0002938163258248576,solved,,L2_00258
1.5,0.0,-1.5,0.05,0.0,0.8000000000000007,0.03997779627916617,1.1993338883749851,solved,0.009374474278344536,200,0.15171013815653403,-1,0.9998728166977263,1.0,True,arc,0.26,0.05,3.834232585726586e-05,solved,,L2_00259
1.5,0.0,-1.5,0.05,0.0,0.8000000000000007,0.02665186418611078,0.7995559255833233,solved,0.009811823864443125,200,0.14915384330355658,0,0.9998901336751739,1.0,True,arc,0.27,0.05,5.765262589996212e-06,solved,,L2_00260
1.5,0.0,-1.5,0.05,0.0,0.8000000000000007,0.01332593209305539,0.39977796279166167,solved,0.02912338398498468,200,0.1382970673690139,0,0.999837186208125,1.0,True,arc,0.29,0.06,6.701628371796886e-06,solved,,L2_00261
1.5,0.0,-1.5,0.05,0.0,0.8000000000000007,-0.0,-0.0,solved,0.04856500293307192,200,0.12855116359228957,0,0.9997360233304038,1.0,True,arc,0.31,0.07,2.80436492872127e-06,solved,,L2_00262
1.5,0.0,-1.5,0.05,0.0,0.8000000000000007,-0.013325932093055404,-0.3997779627916621,solved,0.06803780927163433,200,0.11993362535005239,0,0.9996931903780805,1.0,True,arc,0.33,0.08,2.1210998424336935e-05,solved,,L2_00263
1.5,0.0,-1.5,0.05,0.0,0.8000000000000007,-0.026651864186110808,-0.7995559255833242,solved,0.08750036757909294,200,0.11245020175514195,0,0.9996925379312912,1.0,True,1,0.36,0.09,0.00031440094778671115,solved,,L2_00264
1.5,0.0,-1.5,0.05,0.0,0.8000000000000007,-0.039977796279166186,-1.1993338883749856,solved,0.10703836406121381,200,0.10609454548782396,0,0.9996732814917398,1.0,True,1,0.38,0.11,4.908590209126874e-05,solved,,L2_00265
1.5,0.0,-1.5,0.05,0.0,0.8000000000000007,-0.05330372837222159,-1.5991118511666476,solved,0.1265162399814111,200,0.10088325403865274,0,0.9996291485611434,1.0,True,1,0.40,0.12,1.798483402648543e-05,solved,,L2_00266
1.5,0.0,-1.5,0.05,0.0,0.8000000000000007,-0.06662966046527696,-1.998889813958309,solved,0.14593784646400182,200,0.09682466875761636,0,0.9996009432388344,1.0,True,1,0.42,0.14,7.30614058164214e-06,solved,,L2_00267
1.5,0.0,-1.5,0.05,0.0,0.8000000000000007,-0.07995559255833237,-2.398667776749971,solved,0.1653335837380471,200,0.09393226262827789,0,0.9996750041568813,1.0,True,1,0.45,0.16,6.066340535682002e-06,solved,,L2_00268
1.5,0.0,-1.5,0.05,0.0,0.8000000000000007,-0.09328152465138777,-2.7984457395416333,solved,0.1846532284007574,200,0.09217745465539981,0,0.9996010147864586,1.0,True,1,0.47,0.16,1.3148913703484565e-05,solved,,L2_00269
1.5,0.0,-1.5,0.05,0.0,0.8000000000000007,-0.10660745674444315,-3.1982237023332942,solved,0.20383243375758686,200,0.09158561838035206,0,0.9996304016905067,1.0,True,1,0.47,0.19,1.7886295742841618e-05,solved,,L2_00270
1.5,0.0,-1.5,0.05,0.0,0.8000000000000007,-0.11993338883749854,-3.5980016651249564,solved,0.22293133140603022,200,0.09213783411585336,0,0.9996769404719209,1.0,True,1,0.49,0.21,4.370929525432388e-06,solved,,L2_00271
1.5,0.0,-1.5,0.05,0.0,0.8000000000000007,-0.13325932093055393,-3.997779627916618,solved,0.2419002015365347,200,0.09381237613118464,0,0.9996320513191246,1.0,True,1,0.50,0.20,9.222139579156963e-06,solved,,L2_00272
1.5,0.0,-1.5,0.05,0.0,1.2000000000000002,0.13325932093055393,3.997779627916618,solved,0.119846021441047,200,0.14550046571219583,-1,0.9996689906118652,1.0,True,1,0.44,0.16,2.5943090428694974e-06,solved,,L2_00273
1.5,0.0,-1.5,0.05,0.0,1.2000000000000002,0.11993338883749853,3.598001665124956,solved,0.10186894930183643,200,0.1445315922574299,-1,0.9996165445202437,1.0,True,1,0.42,0.13,1.302561388827339e-05,solved,,L2_00274
1.5,0.0,-1.5,0.05,0.0,1.2000000000000002,0.10660745674444315,3.1982237023332942,solved,0.08371173283163838,200,0.14474028839345177,-1,0.9996120066379023,1.0,True,1,0.40,0.11,1.754857870972515e-05,solved,,L2_00275
1.5,0.0,-1.5,0.05,0.0,1.2000000000000002,0.09328152465138774,2.7984457395416324,solved,0.06530247989013191,200,0.14614131441765313,-1,0.9996779559860575,1.0,True,1,0.35,0.10,7.283500545796182e-06,solved,,L2_00276
1.5,0.0,-1.5,0.05,0.0,1.2000000000000002,0.07995559255833236,2.3986677767499707,solved,0.04678354872906626,200,0.1487354886712172,-1,0.9997347216831104,1.0,True,arc,0.33,0.08,1.5051533114929022e-05,solved,,L2_00277
1.5,0.0,-1.5,0.05,0.0,1.2000000000000002,0.06662966046527696,1.998889813958309,solved,0.02804628158155803,200,0.152554604409449,-1,0.9999457553664256,1.0,True,arc,0.29,0.07,9.896179046842146e-06,solved,,L2_00278
1.5,0.0,-1.5,0.05,0.0,1.2000000000000002,0.05330372837222156,1.5991118511666467,solved,0.009142489806550691,200,0.15756491933385924,-1,0.9998844938467315,1.0,True,arc,0.27,0.06,1.3922324960946478e-05,solved,,L2_00279
1.5,0.0,-1.5,0.05,0.0,1.2000000000000002,0.03997779627916617,1.1993338883749851,solved,0.009911485290465705,200,0.15388238845826152,0,0.9998598525235047,1.0,True,arc,0.28,0.05,5.309244578311027e-06,solved,,L2_00280
1.5,0.0,-1.5,0.05,0.0,1.2000000000000002,0.02665186418611078,0.7995559255833233,solved,0.029117183336486552,200,0.1421422038298274,0,0.9999355923007165,1.0,True,arc,0.28,0.07,5.785688257597954e-06,solved,,L2_00281
1.5,0.0,-1.5,0.05,0.0,1.2000000000000002,0.01332593209305539,0.39977796279166167,solved,0.04845989598182929,200,0.1314605146483596,0,0.9997867597320066,1.0,True,arc,0.31,0.07,0.00016706013145783248,solved,,L2_00282
1.5,0.0,-1.5,0.05,0.0,1.2000000000000002,-0.0,-0.0,solved,0.06794069885465676,200,0.12188058060388857,0,0.9996706218130254,1.0,True,arc,0.33,0.08,2.0979255046515988e-06,solved,,L2_00283
1.5,0.0,-1.5,0.05,0.0,1.2000000000000002,-0.013325932093055404,-0.3997779627916621,solved,0.08747426399340207,200,0.11342036832801695,0,0.9996283663101527,1.0,True,1,0.36,0.09,4.560933732467021e-06,solved,,L2_00284
1.5,0.0,-1.5,0.05,0.0,1.2000000000000002,-0.026651864186110808,-0.7995559255833242,solved,0.10703757475906521,200,0.10609192572359623,0,0.9996643301905376,1.0,True,1,0.38,0.11,0.0002967911077089082,solved,,L2_00285
1.5,0.0,-1.5,0.05,0.0,1.2000000000000002,-0.039977796279166186,-1.1993338883749856,solved,0.12662481896391262,200,0.09991408911797614,0,0.9998865976591196,1.0,True,1,0.42,0.19,3.389412958807443e-05,solved,,L2_00286
1.5,0.0,-1.5,0.05,0.0,1.2000000000000002,-0.05330372837222159,-1.5991118511666476,solved,0.14617660009746294,200,0.09482436623821158,0,0.9996923696255917,1.0,True,1,0.43,0.14,2.3519849254860503e-06,solved,,L2_00287
1.5,0.0,-1.5,0.05,0.0,1.2000000000000002,-0.06662966046527696,-1.998889813958309,solved,0.1657876430923022,200,0.09090560534134486,0,0.99968178660056,1.0,True,1,0.44,0.15,4.637958759263021e-05,solved,,L2_00288
1.5,0.0,-1.5,0.05,0.0,1.2000000000000002,-0.07995559255833237,-2.398667776749971,solved,0.18531993652714085,200,0.0881320510654719,0,0.9996210233003898,1.0,True,1,0.46,0.17,6.7821301181769655e-06,solved,,L2_00289
1.5,0.0,-1.5,0.05,0.0,1.2000000000000002,-0.09328152465138777,-2.7984457395416333,solved,0.20473477797929446,200,0.08651862958779895,0,0.9996524259616638,1.0,True,1,0.47,0.17,5.870145857975305e-06,solved,,L2_00290
1.5,0.0,-1.5,0.05,0.0,1.2000000000000002,-0.10660745674444315,-3.1982237023332942,solved,0.22404645883729285,200,0.08604568444962185,0,0.9995946352026497,1.0,True,1,0.48,0.18,6.159521925286349e-06,solved,,L2_00291
1.5,0.0,-1.5,0.05,0.0,1.2000000000000002,-0.11993338883749854,-3.5980016651249564,solved,0.24326816779337346,200,0.08672130972114389,0,0.999645787389927,1.0,True,1,0.48,0.21,6.966014191145398e-06,solved,,L2_00292
1.5,0.0,-1.5,0.05,0.0,1.2000000000000002,-0.13325932093055393,-3.997779627916618,solved,0.2624830008117184,200,0.08851601548787577,0,0.9996012782057776,1.0,True,1,0.49,0.21,6.0591822270139595e-06,solved,,L2_00293
1.5,0.0,-1.5,0.05,0.0,1.6000000000000005,0.13325932093055393,3.997779627916618,solved,0.10018712415229103,200,0.1576625288839945,-1,0.9996463009210821,1.0,True,1,0.43,0.14,0.00014371237718163968,solved,,L2_00294
1.5,0.0,-1.5,0.05,0.0,1.6000000000000005,0.11993338883749853,3.598001665124956,solved,0.08235604285723636,200,0.15680269660184848,-1,0.9996140057622089,1.0,True,1,0.41,0.13,6.2813434744124486e-06,solved,,L2_00295
1.5,0.0,-1.5,0.05,0.0,1.6000000000000005,0.10660745674444315,3.1982237023332942,solved,0.06427444803654353,200,0.15713342763145016,-1,0.9996417395298887,1.0,True,1,0.37,0.10,1.0483322131604798e-05,solved,,L2_00296
1.5,0.0,-1.5,0.05,0.0,1.6000000000000005,0.09328152465138774,2.7984457395416324,solved,0.04601777963056136,200,0.15866666352766895,-1,0.9997404452563141,1.0,True,arc,0.34,0.09,8.03120328962681e-06,solved,,L2_00297
1.5,0.0,-1.5,0.05,0.0,1.6000000000000005,0.07995559255833236,2.3986677767499707,solved,0.02752928055758208,200,0.1613978414631821,-1,0.9997545449020212,1.0,True,arc,0.31,0.07,0.000419602569416006,solved,,L2_00298
1.5,0.0,-1.5,0.05,0.0,1.6000000000000005,0.06662966046527696,1.998889813958309,solved,0.008850538410151182,200,0.1653633304127345,-1,0.9998696232849491,1.0,True,arc,0.27,0.06,0.00018786328472723333,solved,,L2_00299
1.5,0.0,-1.5,0.05,0.0,1.6000000000000005,0.05330372837222156,1.5991118511666467,solved,0.01001339295105333,200,0.16052816418866153,0,0.9999263260508358,1.0,True,arc,0.28,0.07,4.568776380164952e-06,solved,,L2_00300
1.5,0.0,-1.5,0.05,0.0,1.6000000000000005,0.03997779627916617,1.1993338883749851,solved,0.029073964722976936,200,0.14788895019594195,0,0.9999541035551732,1.0,True,arc,0.30,0.07,2.851295162518028e-05,solved,,L2_00301
1.5,0.0,-1.5,0.05,0.0,1.6000000000000005,0.02665186418611078,0.7995559255833233,solved,0.048313978300618454,200,0.13631578447700465,0,0.9999439470604552,1.0,True,arc,0.31,0.10,1.33455122977022e-05,solved,,L2_00302
1.5,0.0,-1.5,0.05,0.0,1.6000000000000005,0.01332593209305539,0.39977796279166167,solved,0.06771836265602557,200,0.12579393930731997,0,0.9997428169327436,1.0,True,arc,0.34,0.09,9.192013146197553e-06,solved,,L2_00303
1.5,0.0,-1.5,0.05,0.0,1.6000000000000005,-0.0,-0.0,solved,0.08726322531715872,200,0.11637502889747733,0,0.9996511634941958,1.0,True,1,0.36,0.10,2.0011475489800645e-05,solved,,L2_00304
1.5,0.0,-1.5,0.05,0.0,1.6000000000000005,-0.013325932093055404,-0.3997779627916621,solved,0.10686966159635045,200,0.10807116327799218,0,0.9996585853466607,1.0,True,1,0.38,0.11,1.6058933640872297e-05,solved,,L2_00305
1.5,0.0,-1.5,0.05,0.0,1.6000000000000005,-0.026651864186110808,-0.7995559255833242,solved,0.12650615348516128,200,0.1008777154988261,0,0.9996331564987587,1.0,True,1,0.40,0.12,1.5022857492441588e-05,solved,,L2_00306
1.5,0.0,-1.5,0.05,0.0,1.6000000000000005,-0.039977796279166186,-1.1993338883749856,solved,0.1461898854228247,200,0.09482090102948329,0,0.9996841762767122,1.0,True,1,0.43,0.14,2.547064034573427e-05,solved,,L2_00307
1.5,0.0,-1.5,0.05,0.0,1.6000000000000005,-0.05330372837222159,-1.5991118511666476,solved,0.16591349561973087,200,0.08990960944084095,0,0.9998203832653701,1.0,True,1,0.44,0.20,2.584233322444618e-06,solved,,L2_00308
1.5,0.0,-1.5,0.05,0.0,1.6000000000000005,-0.06662966046527696,-1.998889813958309,solved,0.1856225772061703,200,0.08610623463740924,0,0.9996317539622437,1.0,True,1,0.45,0.17,2.151641144487737e-05,solved,,L2_00309
1.5,0.0,-1.5,0.05,0.0,1.6000000000000005,-0.07995559255833237,-2.398667776749971,solved,0.20528290585784148,200,0.08347572047815482,0,0.9996638400408043,1.0,True,1,0.48,0.18,1.9501626840945363e-05,solved,,L2_00310
1.5,0.0,-1.5,0.05,0.0,1.6000000000000005,-0.09328152465138777,-2.7984457395416333,solved,0.22486436233219875,200,0.08198512483528997,0,0.9995933729282739,1.0,True,1,0.49,0.18,4.066054139384434e-06,solved,,L2_00311
1.5,0.0,-1.5,0.05,0.0,1.6000000000000005,-0.10660745674444315,-3.1982237023332942,solved,0.2443800600336446,200,0.08164215471766702,0,0.9995597859818774,1.0,True,1,0.49,0.19,6.8014695544516e-06,solved,,L2_00312
1.5,0.0,-1.5,0.05,0.0,1.6000000000000005,-0.11993338883749854,-3.5980016651249564,solved,0.26369877645251083,200,0.08245018012592789,0,0.9997454559034531,1.0,True,1,0.51,0.26,4.161792816259613e-06,solved,,L2_00313
1.5,0.0,-1.5,0.05,0.0,1.6000000000000005,-0.13325932093055393,-3.997779627916618,solved,0.2830713191147201,200,0.0843604890039044,0,0.9995714315157741,1.0,True,1,0.51,0.22,5.709841562895335e-06,solved,,L2_00314
1.5,0.0,-1.5,0.05,0.0,2.0,0.13325932093055393,3.997779627916618,solved,0.08085446810924996,200,0.17086563720240894,-1,0.9996908545220623,1.0,True,1,0.41,0.15,5.352422563931203e-05,solved,,L2_00315
1.5,0.0,-1.5,0.05,0.0,2.0,0.11993338883749853,3.598001665124956,solved,0.06309002782243231,200,0.17012999779633423,-1,0.9997517809384023,1.0,True,1,0.40,0.14,2.5599593953873345e-05,solved,,L2_00316
1.5,0.0,-1.5,0.05,0.0,2.0,0.10660745674444315,3.1982237023332942,solved,0.04509299327928526,200,0.17059438264732815,-1,0.9998761350906565,1.0,True,arc,0.35,0.13,2.3983240740904632e-05,solved,,L2_00317
1.5,0.0,-1.5,0.05,0.0,2.0,0.09328152465138774,2.7984457395416324,solved,0.02689157613640139,200,0.17224642463455747,-1,0.9999010690943674,1.0,True,arc,0.31,0.09,1.4629759980454814e-05,solved,,L2_00318
1.5,0.0,-1.5,0.05,0.0,2.0,0.07995559255833236,2.3986677767499707,solved,0.00846101054911197,200,0.1751270180229882,-1,0.9999314258652636,1.0,True,arc,0.28,0.07,4.471789522897396e-06,solved,,L2_00319
1.5,0.0,-1.5,0.05,0.0,2.0,0.06662966046527696,1.998889813958309,solved,0.010191646829547374,200,0.16904029506148965,0,0.9997686682427693,1.0,True,arc,0.29,0.06,1.4478771350856512e-05,solved,,L2_00320
1.5,0.0,-1.5,0.05,0.0,2.0,0.05330372837222156,1.5991118511666467,solved,0.029061459606343765,200,0.155535343002664,0,0.999794193301926,1.0,True,arc,0.32,0.07,0.00013948255953169462,solved,,L2_00321
1.5,0.0,-1.5,0.05,0.0,2.0,0.03997779627916617,1.1993338883749851,solved,0.04814226012764261,200,0.14307013167058907,0,0.9998059822181434,1.0,True,arc,0.33,0.09,1.0018858843581368e-05,solved,,L2_00322
1.5,0.0,-1.5,0.05,0.0,2.0,0.02665186418611078,0.7995559255833233,solved,0.0674604895962351,200,0.13164017705326803,0,0.9996798922185834,1.0,True,1,0.35,0.09,1.3438433027035401e-05,solved,,L2_00323
1.5,0.0,-1.5,0.05,0.0,2.0,0.01332593209305539,0.39977796279166167,solved,0.08690883160415759,200,0.12128778328379079,0,0.9996122036667113,1.0,True,1,0.37,0.10,1.4684944364296015e-05,solved,,L2_00324
1.5,0.0,-1.5,0.05,0.0,2.0,-0.0,-0.0,solved,0.10651500032216087,200,0.11203995208923297,0,0.9997032538338667,1.0,True,1,0.39,0.12,1.2923275887644081e-05,solved,,L2_00325
1.5,0.0,-1.5,0.05,0.0,2.0,-0.013325932093055404,-0.3997779627916621,solved,0.1261821908880516,200,0.10387703495977291,0,0.9996912773003523,1.0,True,1,0.41,0.13,0.00012661013075491933,solved,,L2_00326
1.5,0.0,-1.5,0.05,0.0,2.0,-0.026651864186110808,-0.7995559255833242,solved,0.1459574207718413,200,0.09681647922152073,0,0.9996011254331393,1.0,True,1,0.43,0.14,6.045832361412096e-06,solved,,L2_00327
1.5,0.0,-1.5,0.05,0.0,2.0,-0.039977796279166186,-1.1993338883749856,solved,0.16576977105317803,200,0.09090128751504645,0,0.999687956460245,1.0,True,1,0.43,0.16,1.5224206206809754e-06,solved,,L2_00328
1.5,0.0,-1.5,0.05,0.0,2.0,-0.05330372837222159,-1.5991118511666476,solved,0.1856299669976942,200,0.0861023433339588,0,0.9996203044372963,1.0,True,1,0.44,0.17,3.0639029642731685e-05,solved,,L2_00329
1.5,0.0,-1.5,0.05,0.0,2.0,-0.06662966046527696,-1.998889813958309,solved,0.2054529179866008,200,0.08247825581131546,0,0.9998714201422115,1.0,True,1,0.47,0.27,2.7561730272347536e-06,solved,,L2_00330
1.5,0.0,-1.5,0.05,0.0,2.0,-0.07995559255833237,-2.398667776749971,solved,0.2252375586912042,200,0.0799534726914539,0,0.9996127180857917,1.0,True,1,0.48,0.19,1.8459903631806718e-05,solved,,L2_00331
1.5,0.0,-1.5,0.05,0.0,2.0,-0.09328152465138777,-2.7984457395416333,solved,0.24501320410947713,200,0.07859642288659162,0,0.9995694052188399,1.0,True,1,0.49,0.18,1.03912953176577e-05,solved,,L2_00332
1.5,0.0,-1.5,0.05,0.0,2.0,-0.10660745674444315,-3.1982237023332942,solved,0.2646631087671203,200,0.07838977399567867,0,0.9996219409448858,1.0,True,1,0.51,0.21,5.672023432323758e-06,solved,,L2_00333
1.5,0.0,-1.5,0.05,0.0,2.0,-0.11993338883749854,-3.5980016651249564,solved,0.2841439011792619,200,0.07932373546016526,0,0.9997895373908836,1.0,True,1,0.51,0.28,3.3866929531684285e-06,solved,,L2_00334
1.5,0.0,-1.5,0.05,0.0,2.0,-0.13325932093055393,-3.997779627916618,solved,0.3037089929768205,200,0.08136114060533603,0,0.9996605936878896,1.0,True,1,0.51,0.24,0.00010574959972595016,solved,,L2_00335
1.5,0.0,-1.5,0.05,0.0,2.4000000000000004,0.13325932093055393,3.997779627916618,solved,0.06181188326435211,200,0.18507343551459815,-1,0.9996620195077601,1.0,True,1,0.40,0.13,0.00016487711125828886,solved,,L2_00336
1.5,0.0,-1.5,0.05,0.0,2.4000000000000004,0.11993338883749853,3.598001665124956,solved,0.04413528608034875,200,0.18444681195970752,-1,0.9997014137262211,1.0,True,1,0.37,0.11,2.4583761155771988e-05,solved,,L2_00337
1.5,0.0,-1.5,0.05,0.0,2.4000000000000004,0.10660745674444315,3.1982237023332942,solved,0.02621295104971219,200,0.18502774962797894,-1,0.9997685810952758,1.0,True,arc,0.34,0.09,0.00031701658509010466,solved,,L2_00338
1.5,0.0,-1.5,0.05,0.0,2.4000000000000004,0.09328152465138774,2.7984457395416324,solved,0.008025395835130705,200,0.18683693523870348,-1,0.999937178411481,1.0,True,arc,0.30,0.08,6.929151317169868e-06,solved,,L2_00339
1.5,0.0,-1.5,0.05,0.0,2.4000000000000004,0.07995559255833236,2.3986677767499707,solved,0.010370140128435623,200,0.17949574483786968,0,0.9998627682702012,1.0,True,arc,0.30,0.08,7.794823208895352e-06,solved,,L2_00340
1.5,0.0,-1.5,0.05,0.0,2.4000000000000004,0.06662966046527696,1.998889813958309,solved,0.029030886198185474,200,0.1651196711692346,0,0.9997832294496736,1.0,True,arc,0.32,0.08,4.731446073066155e-05,solved,,L2_00341
1.5,0.0,-1.5,0.05,0.0,2.4000000000000004,0.05330372837222156,1.5991118511666467,solved,0.047948354678951366,200,0.1517631735135496,0,0.9997134570055407,1.0,True,arc,0.34,0.09,2.5011104096694936e-06,solved,,L2_00342
1.5,0.0,-1.5,0.05,0.0,2.4000000000000004,0.03997779627916617,1.1993338883749851,solved,0.06710303298400896,200,0.13944315437815483,0,0.9996734490906376,1.0,True,1,0.35,0.10,8.452340096054556e-06,solved,,L2_00343
1.5,0.0,-1.5,0.05,0.0,2.4000000000000004,0.02665186418611078,0.7995559255833233,solved,0.08642535151660152,200,0.128189900332825,0,0.9997437683866851,1.0,True,1,0.37,0.12,1.5918350772192724e-05,solved,,L2_00344
1.5,0.0,-1.5,0.05,0.0,2.4000000000000004,0.01332593209305539,0.39977796279166167,solved,0.10600435484709159,200,0.11796887642509946,0,0.9995902430368746,1.0,True,1,0.40,0.12,2.9869111615732358e-06,solved,,L2_00345
1.5,0.0,-1.5,0.05,0.0,2.4000000000000004,-0.0,-0.0,solved,0.1256612226142037,200,0.10888762917176414,0,0.9998851592305573,1.0,True,1,0.41,0.19,0.00029650555944659525,solved,,L2_00346
1.5,0.0,-1.5,0.05,0.0,2.4000000000000004,-0.013325932093055404,-0.3997779627916621,solved,0.1454609671192006,200,0.10082441086983866,0,0.9995743562015972,1.0,True,1,0.44,0.13,3.476015820563283e-06,solved,,L2_00347
1.5,0.0,-1.5,0.05,0.0,2.4000000000000004,-0.026651864186110808,-0.7995559255833242,solved,0.16533179403565648,200,0.0939216803978031,0,0.9996743020817097,1.0,True,1,0.45,0.16,1.5572850858847076e-06,solved,,L2_00348
1.5,0.0,-1.5,0.05,0.0,2.4000000000000004,-0.039977796279166186,-1.1993338883749856,solved,0.18527921095932592,200,0.08813204809236229,0,0.9996969747643499,1.0,True,1,0.46,0.18,0.00040018238893200613,solved,,L2_00349
1.5,0.0,-1.5,0.05,0.0,2.4000000000000004,-0.05330372837222159,-1.5991118511666476,solved,0.2053075042285253,200,0.08347133456413838,0,0.9996652366975936,1.0,True,1,0.47,0.18,2.0918108315948203e-05,solved,,L2_00350
1.5,0.0,-1.5,0.05,0.0,2.4000000000000004,-0.06662966046527696,-1.998889813958309,solved,0.225268104255967,200,0.07995150393356588,0,0.999614644435322,1.0,True,1,0.48,0.18,8.3243606397998e-06,solved,,L2_00351
1.5,0.0,-1.5,0.05,0.0,2.4000000000000004,-0.07995559255833237,-2.398667776749971,solved,0.24522166763965603,200,0.07758686218334371,0,0.99966792691718,1.0,True,1,0.48,0.21,3.038533281318756e-06,solved,,L2_00352
1.5,0.0,-1.5,0.05,0.0,2.4000000000000004,-0.09328152465138777,-2.7984457395416333,solved,0.2651116972886806,200,0.07636208038101538,0,0.9996269500560361,1.0,True,1,0.49,0.19,1.353416373528482e-06,solved,,L2_00353
1.5,0.0,-1.5,0.05,0.0,2.4000000000000004,-0.10660745674444315,-3.1982237023332942,solved,0.2849469778662326,200,0.07628185201293489,0,0.9995952650473497,1.0,True,1,0.51,0.24,8.355139936411238e-06,solved,,L2_00354
1.5,0.0,-1.5,0.05,0.0,2.4000000000000004,-0.11993338883749854,-3.5980016651249564,solved,0.30462293342320534,200,0.07734130001964368,0,0.9996814115843086,1.0,True,1,0.51,0.26,1.610227324877478e-05,solved,,L2_00355
1.5,0.0,-1.5,0.05,0.0,2.4000000000000004,-0.13325932093055393,-3.997779627916618,solved,0.32433872178680745,200,0.07951639539506936,0,0.9996433047946289,1.0,True,1,0.51,0.25,2.7853784053538666e-06,solved,,L2_00356
1.5,0.0,-1.5,0.05,0.0,2.8000000000000007,0.13325932093055393,3.997779627916618,solved,0.043033324727480116,200,0.20030484753084216,-1,0.9997876747239933,1.0,True,1,0.40,0.15,1.799721760648021e-05,solved,,L2_00357
1.5,0.0,-1.5,0.05,0.0,2.8000000000000007,0.11993338883749853,3.598001665124956,solved,0.025390759358772053,200,0.19980400605433768,-1,0.9998978609630871,1.0,True,1,0.35,0.14,9.689403337898028e-06,solved,,L2_00358
1.5,0.0,-1.5,0.05,0.0,2.8000000000000007,0.10660745674444315,3.1982237023332942,solved,0.007542366519627808,200,0.20049786333770836,-1,0.9999051711651106,1.0,True,arc,0.31,0.10,7.031931119607286e-05,solved,,L2_00359
1.5,0.0,-1.5,0.05,0.0,2.8000000000000007,0.09328152465138774,2.7984457395416324,solved,0.010560793152842918,200,0.19186047665392925,0,0.9999649848991685,1.0,True,arc,0.32,0.11,1.1398772730819573e-05,solved,,L2_00360
1.5,0.0,-1.5,0.05,0.0,2.8000000000000007,0.07995559255833236,2.3986677767499707,solved,0.02898659321782826,200,0.17663731120264542,0,0.9998700154012892,1.0,True,arc,0.34,0.11,4.355574012144173e-05,solved,,L2_00361
1.5,0.0,-1.5,0.05,0.0,2.8000000000000007,0.06662966046527696,1.998889813958309,solved,0.0477008117271811,200,0.1623955281980281,0,0.9996766948377118,1.0,True,1,0.35,0.10,7.685755591013699e-06,solved,,L2_00362
1.5,0.0,-1.5,0.05,0.0,2.8000000000000007,0.05330372837222156,1.5991118511666467,solved,0.06667853997492867,200,0.149190587586304,0,0.9996379817393377,1.0,True,1,0.37,0.10,2.082996093433231e-05,solved,,L2_00363
1.5,0.0,-1.5,0.05,0.0,2.8000000000000007,0.03997779627916617,1.1993338883749851,solved,0.08586989429377917,200,0.1370171009294895,0,0.9996179861532994,1.0,True,1,0.39,0.12,1.88604116912463e-05,solved,,L2_00364
1.5,0.0,-1.5,0.05,0.0,2.8000000000000007,0.02665186418611078,0.7995559255833233,solved,0.10530969305887897,200,0.12589026214367488,0,0.9996124760063735,1.0,True,1,0.41,0.13,1.6977498513481848e-05,solved,,L2_00365
1.5,0.0,-1.5,0.05,0.0,2.8000000000000007,0.01332593209305539,0.39977796279166167,solved,0.12489428196823663,200,0.11583672998197111,0,0.9996876570630143,1.0,True,1,0.42,0.15,1.576681073423014e-05,solved,,L2_00366
1.5,0.0,-1.5,0.05,0.0,2.8000000000000007,-0.0,-0.0,solved,0.14469823663866946,200,0.1068433475729417,0,0.999631242091432,1.0,True,1,0.44,0.15,2.3075173497533186e-05,solved,,L2_00367
1.5,0.0,-1.5,0.05,0.0,2.8000000000000007,-0.013325932093055404,-0.3997779627916621,solved,0.1646575914445873,200,0.09895400059066702,0,0.9996529653425711,1.0,True,1,0.45,0.16,4.001320148772081e-06,solved,,L2_00368
1.5,0.0,-1.5,0.05,0.0,2.8000000000000007,-0.026651864186110808,-0.7995559255833242,solved,0.1846856086534572,200,0.09216572925708291,0,0.9996029820586024,1.0,True,1,0.46,0.17,6.063916146992199e-06,solved,,L2_00369
1.5,0.0,-1.5,0.05,0.0,2.8000000000000007,-0.039977796279166186,-1.1993338883749856,solved,0.20471376841625544,200,0.08651017103724434,0,0.9996614182848672,1.0,True,1,0.47,0.18,2.7840776456455885e-06,solved,,L2_00370
1.5,0.0,-1.5,0.05,0.0,2.8000000000000007,-0.05330372837222159,-1.5991118511666476,solved,0.22484973960116722,200,0.08197944996106526,0,0.999606577268264,1.0,True,1,0.49,0.19,7.082741531494463e-06,solved,,L2_00371
1.5,0.0,-1.5,0.05,0.0,2.8000000000000007,-0.06662966046527696,-1.998889813958309,solved,0.24500463899302397,200,0.07859264612836106,0,0.9995763033287087,1.0,True,1,0.49,0.20,1.41730268001794e-05,solved,,L2_00372
1.5,0.0,-1.5,0.05,0.0,2.8000000000000007,-0.07995559255833237,-2.398667776749971,solved,0.26513094392465836,200,0.07636076133964792,0,0.9996344026580521,1.0,True,1,0.49,0.21,3.760534967534035e-06,solved,,L2_00373
1.5,0.0,-1.5,0.05,0.0,2.8000000000000007,-0.09328152465138777,-2.7984457395416333,solved,0.2850834150520237,200,0.07528030433836108,0,0.9997688486174127,1.0,True,1,0.51,0.26,2.8654330312960496e-06,solved,,L2_00374
1.5,0.0,-1.5,0.05,0.0,2.8000000000000007,-0.10660745674444315,-3.1982237023332942,solved,0.3051147264470778,200,0.07532476368090295,0,0.9995598119248068,1.0,True,1,0.52,0.22,1.0882405736212242e-05,solved,,L2_00375
1.5,0.0,-1.5,0.05,0.0,2.8000000000000007,-0.11993338883749854,-3.5980016651249564,solved,0.32505013654151327,200,0.07652126704674087,0,0.9996812990960993,1.0,True,1,0.53,0.23,0.00016303540135731255,solved,,L2_00376
1.5,0.0,-1.5,0.05,0.0,2.8000000000000007,-0.13325932093055393,-3.997779627916618,solved,0.3448799136524123,200,0.07882871759978487,0,0.9994712839185808,1.0,True,1,0.50,0.20,1.3720046069656618e-05,solved,,L2_00377
1.5,0.0,-1.5,0.05,0.0,3.2,0.13325932093055393,3.997779627916618,solved,0.024575175242078834,200,0.2164909901646195,-1,0.9997278412053071,1.0,True,1,0.38,0.12,2.3869688859035174e-05,solved,,L2_00378
1.5,0.0,-1.5,0.05,0.0,3.2,0.11993338883749853,3.598001665124956,solved,0.007021014445127538,200,0.21608407035121968,-1,0.9996916930786163,1.0,True,arc,0.33,0.09,1.1339202274918136e-05,solved,,L2_00379
1.5,0.0,-1.5,0.05,0.0,3.2,0.10660745674444315,3.1982237023332942,solved,0.010851888145054722,200,0.20609794256664943,0,0.9997984543794576,1.0,True,arc,0.34,0.10,2.9748113313681972e-05,solved,,L2_00380
1.5,0.0,-1.5,0.05,0.0,3.2,0.09328152465138774,2.7984457395416324,solved,0.028987176959850064,200,0.1900549884304672,0,0.9998224015019436,1.0,True,1,0.35,0.12,3.5784952950890156e-05,solved,,L2_00381
1.5,0.0,-1.5,0.05,0.0,3.2,0.07995559255833236,2.3986677767499707,solved,0.04739888327810268,200,0.1749979094996263,0,0.9998888413011519,1.0,True,1,0.37,0.16,2.457575606962248e-05,solved,,L2_00382
1.5,0.0,-1.5,0.05,0.0,3.2,0.06662966046527696,1.998889813958309,solved,0.0661690867806094,200,0.1608941087394922,0,0.999684869758327,1.0,True,1,0.40,0.12,2.5697914362778057e-05,solved,,L2_00383
1.5,0.0,-1.5,0.05,0.0,3.2,0.05330372837222156,1.5991118511666467,solved,0.08518917749837879,200,0.14785333683566093,0,0.999858662870383,1.0,True,1,0.41,0.19,4.2499385484562335e-05,solved,,L2_00384
1.5,0.0,-1.5,0.05,0.0,3.2,0.03997779627916617,1.1993338883749851,solved,0.10448906984206197,200,0.1357826437568329,0,0.999623585278429,1.0,True,1,0.42,0.14,9.164928240656955e-06,solved,,L2_00385
1.5,0.0,-1.5,0.05,0.0,3.2,0.02665186418611078,0.7995559255833233,solved,0.12402720279881431,200,0.124790050757191,0,0.9996510508008896,1.0,True,1,0.43,0.15,1.2536387145600791e-05,solved,,L2_00386
1.5,0.0,-1.5,0.05,0.0,3.2,0.01332593209305539,0.39977796279166167,solved,0.1437550094237976,200,0.1148479035853805,0,0.9995992035234957,1.0,True,1,0.44,0.15,1.5693418004558701e-06,solved,,L2_00387
1.5,0.0,-1.5,0.05,0.0,3.2,-0.0,-0.0,solved,0.16367505788176115,200,0.10599284231838615,0,0.9996247003529672,1.0,True,1,0.44,0.17,2.0870033634823315e-05,solved,,L2_00388
1.5,0.0,-1.5,0.05,0.0,3.2,-0.013325932093055404,-0.3997779627916621,solved,0.18371442601871385,200,0.09822314822887947,0,0.9995787908591359,1.0,True,1,0.46,0.17,8.638179741171648e-06,solved,,L2_00389
1.5,0.0,-1.5,0.05,0.0,3.2,-0.026651864186110808,-0.7995559255833242,solved,0.20389318387019986,200,0.09157176615180082,0,0.999629901031735,1.0,True,1,0.47,0.18,3.034063905241225e-05,solved,,L2_00390
1.5,0.0,-1.5,0.05,0.0,3.2,-0.039977796279166186,-1.1993338883749856,solved,0.22410625796135303,200,0.08603575036400564,0,0.9996076374973586,1.0,True,1,0.48,0.19,7.65870430319282e-06,solved,,L2_00391
1.5,0.0,-1.5,0.05,0.0,3.2,-0.05330372837222159,-1.5991118511666476,solved,0.24440790829807202,200,0.08164169667144226,0,0.9996574736529314,1.0,True,1,0.49,0.20,1.4730805762974697e-06,solved,,L2_00392
1.5,0.0,-1.5,0.05,0.0,3.2,-0.06662966046527696,-1.998889813958309,solved,0.26469321100962995,200,0.0783861780963078,0,0.9996347585289418,1.0,True,1,0.51,0.21,2.3161678812388607e-05,solved,,L2_00393
1.5,0.0,-1.5,0.05,0.0,3.2,-0.07995559255833237,-2.398667776749971,solved,0.2848666292906692,200,0.07627882506600867,0,0.9995950574497864,1.0,True,1,0.51,0.25,5.043246769864673e-06,solved,,L2_00394
1.5,0.0,-1.5,0.05,0.0,3.2,-0.09328152465138777,-2.7984457395416333,solved,0.30507014649494246,200,0.07532367608123816,0,0.9995622220849543,1.0,True,1,0.52,0.21,4.3123411305745485e-06,solved,,L2_00395
1.5,0.0,-1.5,0.05,0.0,3.2,-0.10660745674444315,-3.1982237023332942,solved,0.32527468016299055,200,0.07551628311460162,0,0.999523887353965,1.0,True,1,0.51,0.24,1.0153758388531386e-06,solved,,L2_00396
1.5,0.0,-1.5,0.05,0.0,3.2,-0.11993338883749854,-3.5980016651249564,solved,0.3453414546908983,200,0.07685163461161099,0,0.999640650663847,1.0,True,1,0.53,0.25,4.618771334896632e-06,solved,,L2_00397
1.5,0.0,-1.5,0.05,0.0,3.2,-0.13325932093055393,-3.997779627916618,solved,0.3654290108879541,200,0.07930917603719632,0,0.9997233579938999,1.0,True,1,0.52,0.31,1.2127332485040165e-06,solved,,L2_00398
1.5,0.0,-1.5,0.05,0.0,3.6000000000000005,0.13325932093055393,3.997779627916618,solved,0.006432650946540497,200,0.2336530277848209,-1,0.9997291287229778,1.0,True,1,0.36,0.11,2.7100962968862156e-05,solved,,L2_00399
1.5,0.0,-1.5,0.05,0.0,3.6000000000000005,0.11993338883749853,3.598001665124956,solved,0.011129868568241719,200,0.2222453540651566,0,0.9996743475760572,1.0,True,1,0.35,0.11,8.77546358712955e-06,solved,,L2_00400
1.5,0.0,-1.5,0.05,0.0,3.6000000000000005,0.10660745674444315,3.1982237023332942,solved,0.02897540737988072,200,0.20537345294098677,0,0.9996745065559026,1.0,True,1,0.38,0.11,3.366813606475727e-05,solved,,L2_00401
1.5,0.0,-1.5,0.05,0.0,3.6000000000000005,0.09328152465138774,2.7984457395416324,solved,0.0471509497424529,200,0.1894710369676725,0,0.9997248369705288,1.0,True,1,0.40,0.13,3.881055496428621e-05,solved,,L2_00402
1.5,0.0,-1.5,0.05,0.0,3.6000000000000005,0.07995559255833236,2.3986677767499707,solved,0.06563029145984894,200,0.17452792111767002,0,0.9996754827988689,1.0,True,1,0.40,0.13,2.368231876342941e-05,solved,,L2_00403
1.5,0.0,-1.5,0.05,0.0,3.6000000000000005,0.06662966046527696,1.998889813958309,solved,0.08445750106268629,200,0.160585964617612,0,0.9996976862288394,1.0,True,1,0.41,0.14,2.3171359479985085e-05,solved,,L2_00404
1.5,0.0,-1.5,0.05,0.0,3.6000000000000005,0.05330372837222156,1.5991118511666467,solved,0.1035351556671098,200,0.14765845534446442,0,0.9997782106890677,1.0,True,1,0.43,0.18,3.374965333091673e-06,solved,,L2_00405
1.5,0.0,-1.5,0.05,0.0,3.6000000000000005,0.03997779627916617,1.1993338883749851,solved,0.1229519526352913,200,0.1357195608179152,0,0.9995982449505234,1.0,True,1,0.44,0.15,2.8571583710501613e-05,solved,,L2_00406
1.5,0.0,-1.5,0.05,0.0,3.6000000000000005,0.02665186418611078,0.7995559255833233,solved,0.14256718241344746,200,0.12486941141284735,0,0.9997891544452981,1.0,True,1,0.46,0.20,2.4742755456161943e-06,solved,,L2_00407
1.5,0.0,-1.5,0.05,0.0,3.6000000000000005,0.01332593209305539,0.39977796279166167,solved,0.16236309506379018,200,0.11504272984041433,0,0.9996933185052282,1.0,True,1,0.47,0.18,7.663336501373408e-06,solved,,L2_00408
1.5,0.0,-1.5,0.05,0.0,3.6000000000000005,-0.0,-0.0,solved,0.18241397000831241,200,0.10629982399180857,0,0.9996444759572649,1.0,True,1,0.47,0.18,5.369979086733423e-06,solved,,L2_00409
1.5,0.0,-1.5,0.05,0.0,3.6000000000000005,-0.013325932093055404,-0.3997779627916621,solved,0.20265100592625562,200,0.0986608665013512,0,0.9997042219324126,1.0,True,1,0.49,0.20,2.9570597490646833e-06,solved,,L2_00410
1.5,0.0,-1.5,0.05,0.0,3.6000000000000005,-0.026651864186110808,-0.7995559255833242,solved,0.2229387101323401,200,0.09212207348357607,0,0.9996682398678597,1.0,True,1,0.49,0.20,3.168916235527188e-06,solved,,L2_00411
1.5,0.0,-1.5,0.05,0.0,3.6000000000000005,-0.039977796279166186,-1.1993338883749856,solved,0.24330289758099508,200,0.08670921540786139,0,0.9996446225968971,1.0,True,1,0.50,0.21,9.130342120300394e-06,solved,,L2_00412
1.5,0.0,-1.5,0.05,0.0,3.6000000000000005,-0.05330372837222159,-1.5991118511666476,solved,0.2637270988781052,200,0.0824416414938843,0,0.999747016040594,1.0,True,1,0.50,0.27,8.979698696176541e-06,solved,,L2_00413
1.5,0.0,-1.5,0.05,0.0,3.6000000000000005,-0.06662966046527696,-1.998889813958309,solved,0.2842055736954955,200,0.07931705907768649,0,0.9997607414744124,1.0,True,1,0.51,0.26,9.333182154347419e-07,solved,,L2_00414
1.5,0.0,-1.5,0.05,0.0,3.6000000000000005,-0.07995559255833237,-2.398667776749971,solved,0.3046708457056046,200,0.07733756910822881,0,0.9996811006531641,1.0,True,1,0.52,0.27,1.4849280101980611e-05,solved,,L2_00415
1.5,0.0,-1.5,0.05,0.0,3.6000000000000005,-0.09328152465138777,-2.7984457395416333,solved,0.3250620778114827,200,0.07651804949304464,0,0.999666738521143,1.0,True,1,0.51,0.25,3.2806468017176904e-06,solved,,L2_00416
1.5,0.0,-1.5,0.05,0.0,3.6000000000000005,-0.10660745674444315,-3.1982237023332942,solved,0.3454184510311348,200,0.07685077644214934,0,0.999633258282477,1.0,True,1,0.53,0.26,7.2245994269248826e-06,solved,,L2_00417
1.5,0.0,-1.5,0.05,0.0,3.6000000000000005,-0.11993338883749854,-3.5980016651249564,solved,0.36566886787827646,200,0.07832921865669043,0,0.9997247987005233,1.0,True,1,0.52,0.32,4.860139396767327e-07,solved,,L2_00418
1.5,0.0,-1.5,0.05,0.0,3.6000000000000005,-0.13325932093055393,-3.997779627916618,solved,0.38585299894204833,200,0.08093321787934145,0,0.999571247677719,1.0,True,1,0.52,0.23,1.1032219175421965e-06,solved,,L2_00419
1.5,0.0,-1.5,0.05,0.0,4.0,0.13325932093055393,3.997779627916618,solved,0.011469033842810783,200,0.2403227954108676,0,0.9996753507929491,1.0,True,1,0.38,0.12,1.711760741451851e-05,solved,,L2_00420
1.5,0.0,-1.5,0.05,0.0,4.0,0.11993338883749853,3.598001665124956,solved,0.028972421971651396,200,0.22266422989718077,0,0.9998623403819017,1.0,True,1,0.40,0.17,1.004915397151418e-05,solved,,L2_00421
1.5,0.0,-1.5,0.05,0.0,4.0,0.10660745674444315,3.1982237023332942,solved,0.04683362106727623,200,0.20591349911367735,0,0.9998378915848065,1.0,True,1,0.41,0.19,2.6358197840387065e-05,solved,,L2_00422
1.5,0.0,-1.5,0.05,0.0,4.0,0.09328152465138774,2.7984457395416324,solved,0.06505773788752583,200,0.1901110842160038,0,0.9997470372397192,1.0,True,1,0.42,0.16,2.4798709578610634e-05,solved,,L2_00423
1.5,0.0,-1.5,0.05,0.0,4.0,0.07995559255833236,2.3986677767499707,solved,0.08360508870903963,200,0.17528815352115798,0,0.9996925871626159,1.0,True,1,0.44,0.16,3.243480060133616e-05,solved,,L2_00424
1.5,0.0,-1.5,0.05,0.0,4.0,0.06662966046527696,1.998889813958309,solved,0.10250625597925792,200,0.16144575010908588,0,0.9995897431511677,1.0,True,1,0.44,0.15,4.658272684254783e-06,solved,,L2_00425
1.5,0.0,-1.5,0.05,0.0,4.0,0.05330372837222156,1.5991118511666467,solved,0.12173218639174316,200,0.1486304944089435,0,0.9996342400211303,1.0,True,1,0.46,0.16,2.7310870843511026e-05,solved,,L2_00426
1.5,0.0,-1.5,0.05,0.0,4.0,0.03997779627916617,1.1993338883749851,solved,0.14122764510168698,200,0.13682567490549977,0,0.9995875417075426,1.0,True,1,0.46,0.17,6.805932906694956e-06,solved,,L2_00427
1.5,0.0,-1.5,0.05,0.0,4.0,0.02665186418611078,0.7995559255833233,solved,0.1609111829673359,200,0.1260726569204366,0,0.9996451838853299,1.0,True,1,0.47,0.18,1.877000145335192e-05,solved,,L2_00428
1.5,0.0,-1.5,0.05,0.0,4.0,0.01332593209305539,0.39977796279166167,solved,0.18096582572078748,200,0.11636932472811254,0,0.9996213041297982,1.0,True,1,0.46,0.19,1.4274667602620639e-05,solved,,L2_00429
1.5,0.0,-1.5,0.05,0.0,4.0,-0.0,-0.0,solved,0.20108433129344358,200,0.10775052340857852,0,0.9996798574816678,1.0,True,1,0.47,0.20,1.731012152646599e-05,solved,,L2_00430
1.5,0.0,-1.5,0.05,0.0,4.0,-0.013325932093055404,-0.3997779627916621,solved,0.22143523113989752,200,0.10021735832778819,0,0.9996461512655863,1.0,True,1,0.48,0.20,1.4552632867433727e-05,solved,,L2_00431
1.5,0.0,-1.5,0.05,0.0,4.0,-0.026651864186110808,-0.7995559255833242,solved,0.24190197633754007,200,0.09379741301565915,0,0.9996334019091873,1.0,True,1,0.50,0.20,5.905313741783047e-06,solved,,L2_00432
1.5,0.0,-1.5,0.05,0.0,4.0,-0.039977796279166186,-1.1993338883749856,solved,0.2624717454285465,200,0.08850369923278793,0,0.9995984962956566,1.0,True,1,0.51,0.21,1.7223995272726096e-05,solved,,L2_00433
1.5,0.0,-1.5,0.05,0.0,4.0,-0.05330372837222159,-1.5991118511666476,solved,0.2831100172523746,200,0.08435117854604643,0,0.9995729287833522,1.0,True,1,0.51,0.21,4.931905496108335e-06,solved,,L2_00434
1.5,0.0,-1.5,0.05,0.0,4.0,-0.06662966046527696,-1.998889813958309,solved,0.3037326779720734,200,0.0813560176663011,0,0.999684406939017,1.0,True,1,0.51,0.26,1.1623938456217786e-05,solved,,L2_00435
1.5,0.0,-1.5,0.05,0.0,4.0,-0.07995559255833237,-2.398667776749971,solved,0.32432565452003786,200,0.07951166340962695,0,0.9996306413672795,1.0,True,1,0.51,0.24,4.042049950636617e-06,solved,,L2_00436
1.5,0.0,-1.5,0.05,0.0,4.0,-0.09328152465138777,-2.7984457395416333,solved,0.34492154842004286,200,0.07882645023970594,0,0.999477848443866,1.0,True,1,0.50,0.24,0.00018430998994706729,solved,,L2_00437
1.5,0.0,-1.5,0.05,0.0,4.0,-0.10660745674444315,-3.1982237023332942,solved,0.3654255412895542,200,0.0793061209649806,0,0.9995798089019632,1.0,True,1,0.52,0.25,5.176784247225286e-06,solved,,L2_00438
1.5,0.0,-1.5,0.05,0.0,4.0,-0.11993338883749854,-3.5980016651249564,solved,0.3858191266141307,200,0.08093291398641482,0,0.9995982907278997,1.0,True,1,0.52,0.23,4.851528030425101e-07,solved,,L2_00439
1.5,0.0,-1.5,0.05,0.0,4.0,-0.13325932093055393,-3.997779627916618,solved,0.4062760945107893,200,0.0836347201782373,0,1.0248578321718824,1.0,True,0,,,4.440892098500626e-16,solved,,L2_00440
