dth,lam,offset,ok,J,regime
0.25,0.0,0,True,0.0005372067830089069,0
0.25,0.0,-1,True,1.1692337926100258,arc
0.25,0.0,1,True,1.5436175111045642,arc
0.25,0.8571428571428571,0,True,0.0018460507658865219,0
0.25,0.8571428571428571,-1,True,1.3110822659844517,arc
0.25,0.8571428571428571,1,True,1.4015989269588194,arc
0.25,1.7142857142857142,0,True,0.011880078853226216,0
0.25,1.7142857142857142,-1,True,1.4714627559795876,arc
0.25,1.7142857142857142,1,True,1.2802008608518505,arc
0.25,2.571428571428571,0,True,0.030639291045027984,0
0.25,2.571428571428571,-1,True,1.6498697778301303,arc
0.25,2.571428571428571,1,True,1.1800668443822566,arc
0.25,3.4285714285714284,0,True,0.058123687341291856,0
0.25,3.4285714285714284,-1,True,1.8458321510647897,arc
0.25,3.4285714285714284,1,True,1.1016320029628113,arc
0.25,4.285714285714286,0,True,0.09433326774201779,0
0.25,4.285714285714286,-1,True,2.0587951511763563,arc
0.25,4.285714285714286,1,True,1.0451624699560078,arc
0.25,5.142857142857142,0,True,0.13926803224720577,0
0.25,5.142857142857142,-1,True,2.2889583616157814,arc
0.25,5.142857142857142,1,True,1.01102434260845,arc
0.25,6.0,0,True,0.19292798085685595,0
0.25,6.0,-1,True,2.535180216105664,arc
0.25,6.0,1,True,0.9992674718214203,arc
0.25,6.857142857142857,0,True,0.25531311357096803,0
0.25,6.857142857142857,-1,True,2.7977494106821093,arc
0.25,6.857142857142857,1,True,1.0093736356551992,arc
0.25,7.7142857142857135,0,True,0.32642343038954236,0
0.25,7.7142857142857135,-1,True,3.0757546697543283,arc
0.25,7.7142857142857135,1,True,1.0407329918922579,arc
0.25,8.571428571428571,0,True,0.4062589313125787,0
0.25,8.571428571428571,-1,True,3.3696423069419494,arc
0.25,8.571428571428571,1,True,1.091992432984339,arc
0.25,9.428571428571429,0,True,0.49481961634007726,0
0.25,9.428571428571429,-1,True,3.6789040641233237,arc
0.25,9.428571428571429,1,True,1.1617403660624361,arc
0.25,10.285714285714285,0,True,0.5921054854720375,0
0.25,10.285714285714285,-1,True,4.00325567914194,arc
0.25,10.285714285714285,1,True,1.2480691317149,arc
0.25,11.142857142857142,0,True,0.6981165387084602,0
0.25,11.142857142857142,-1,True,4.342646126817547,arc
0.25,11.142857142857142,1,True,1.3494811522838415,arc
0.25,12.0,0,True,0.812852776049345,0
0.25,12.0,-1,True,4.697266651753411,arc
0.25,12.0,1,True,1.4647144754024026,arc
0.7631821089316322,0.0,0,True,0.00479289852152816,0
0.7631821089316322,0.0,-1,True,0.8604098206800088,arc
0.7631821089316322,0.0,1,True,2.0144284413906486,arc
0.7631821089316322,0.8571428571428571,0,True,0.0002617094350510463,0
0.7631821089316322,0.8571428571428571,-1,True,0.9828445379051451,arc
0.7631821089316322,0.8571428571428571,1,True,1.8516017545054637,arc
0.7631821089316322,1.7142857142857142,0,True,0.0037319383076848444,0
0.7631821089316322,1.7142857142857142,-1,True,1.1229485176774596,arc
0.7631821089316322,1.7142857142857142,1,True,1.7101436557445862,arc
0.7631821089316322,2.571428571428571,0,True,0.015203585139429538,0
0.7631821089316322,2.571428571428571,-1,True,1.2801208138052265,arc
0.7631821089316322,2.571428571428571,1,True,1.5910664576543128,arc
0.7631821089316322,3.4285714285714284,0,True,0.034676649930285186,0
0.7631821089316322,3.4285714285714284,-1,True,1.4538557432172443,arc
0.7631821089316322,3.4285714285714284,1,True,1.4947417150083777,arc
0.7631821089316322,4.285714285714286,0,True,0.06215113268025174,0
0.7631821089316322,4.285714285714286,-1,True,1.6439568287497504,arc
0.7631821089316322,4.285714285714286,1,True,1.4218559110165547,arc
0.7631821089316322,5.142857142857142,0,True,0.09762703338932917,0
0.7631821089316322,5.142857142857142,-1,True,1.850066534450822,arc
0.7631821089316322,5.142857142857142,1,True,1.372488821865871,arc
0.7631821089316322,6.0,0,True,0.14110435205751762,0
0.7631821089316322,6.0,-1,True,2.0718067531517956,arc
0.7631821089316322,6.0,1,True,1.3470494164210023,arc
0.7631821089316322,6.857142857142857,0,True,0.19258308868481688,0
0.7631821089316322,6.857142857142857,-1,True,2.308855198069711,arc
0.7631821089316322,6.857142857142857,1,True,1.3452899995678256,arc
0.7631821089316322,7.7142857142857135,0,True,0.252063243271227,0
0.7631821089316322,7.7142857142857135,-1,True,2.5610827424348552,arc
0.7631821089316322,7.7142857142857135,1,True,1.3668239859287523,arc
0.7631821089316322,8.571428571428571,0,True,0.3195448158167482,0
0.7631821089316322,8.571428571428571,-1,True,2.828283759570335,arc
0.7631821089316322,8.571428571428571,1,True,1.4106638744873004,arc
0.7631821089316322,9.428571428571429,0,True,0.39502780632138024,0
0.7631821089316322,9.428571428571429,-1,True,3.1101745738061553,arc
0.7631821089316322,9.428571428571429,1,True,1.475538541228807,arc
0.7631821089316322,10.285714285714285,0,True,0.47851221478512307,0
0.7631821089316322,10.285714285714285,-1,True,3.406576975146712,arc
0.7631821089316322,10.285714285714285,1,True,1.5598563392813682,arc
0.7631821089316322,11.142857142857142,0,True,0.569998041207977,0
0.7631821089316322,11.142857142857142,-1,True,3.7177191437677917,arc
0.7631821089316322,11.142857142857142,1,True,1.6619950864323771,arc
0.7631821089316322,12.0,0,True,0.669485285589942,0
0.7631821089316322,12.0,-1,True,4.04278150129265,arc
0.7631821089316322,12.0,1,True,1.7803489241236083,arc
1.2763642178632644,0.0,0,True,0.01238246074871951,1
1.2763642178632644,0.0,-1,True,0.6172646058110267,arc
1.2763642178632644,0.0,1,True,2.586302908660339,arc
1.2763642178632644,0.8571428571428571,0,True,0.00381896633446434,0
1.2763642178632644,0.8571428571428571,-1,True,0.7218546634444822,arc
1.2763642178632644,0.8571428571428571,1,True,2.4005486924659456,arc
1.2763642178632644,1.7142857142857142,0,True,0.0021027359876846104,0
1.2763642178632644,1.7142857142857142,-1,True,0.8430757409582591,arc
1.2763642178632644,1.7142857142857142,1,True,2.2374076821223117,arc
1.2763642178632644,2.571428571428571,0,True,0.0071170210521968235,0
1.2763642178632644,2.571428571428571,-1,True,0.9804169457910061,arc
1.2763642178632644,2.571428571428571,1,True,2.098086679670346,arc
1.2763642178632644,3.4285714285714284,0,True,0.018861821528000984,0
1.2763642178632644,3.4285714285714284,-1,True,1.1334669098260421,arc
1.2763642178632644,3.4285714285714284,1,True,1.9825420688429554,arc
1.2763642178632644,4.285714285714286,0,True,0.03733713741509705,0
1.2763642178632644,4.285714285714286,-1,True,1.3021083890476675,arc
1.2763642178632644,4.285714285714286,1,True,1.8914703972374955,arc
1.2763642178632644,5.142857142857142,0,True,0.06254296871348514,0
1.2763642178632644,5.142857142857142,-1,True,1.4858236425614209,arc
1.2763642178632644,5.142857142857142,1,True,1.825465163681418,arc
1.2763642178632644,6.0,0,True,0.09447931542316519,0
1.2763642178632644,6.0,-1,True,1.684273943200104,arc
1.2763642178632644,6.0,1,True,1.784766341401147,arc
1.2763642178632644,6.857142857142857,0,True,0.13314617754413713,0
1.2763642178632644,6.857142857142857,-1,True,1.897626961945556,arc
1.2763642178632644,6.857142857142857,1,True,1.7693220286960485,arc
1.2763642178632644,7.7142857142857135,0,True,0.17854355507640093,0
1.2763642178632644,7.7142857142857135,-1,True,2.125442907206324,arc
1.2763642178632644,7.7142857142857135,1,True,1.7789205981204015,arc
1.2763642178632644,8.571428571428571,0,True,0.2306714480199569,0
1.2763642178632644,8.571428571428571,-1,True,2.3675350227563774,arc
1.2763642178632644,8.571428571428571,1,True,1.8130310747149836,arc
1.2763642178632644,9.428571428571429,0,True,0.2895298563748046,0
1.2763642178632644,9.428571428571429,-1,True,2.62368439537944,arc
1.2763642178632644,9.428571428571429,1,True,1.8706586681614796,arc
1.2763642178632644,10.285714285714285,0,True,0.35511878014094417,0
1.2763642178632644,10.285714285714285,-1,True,2.8938960854518734,arc
1.2763642178632644,10.285714285714285,1,True,1.9504021110510128,arc
1.2763642178632644,11.142857142857142,0,True,0.42743821931837583,0
1.2763642178632644,11.142857142857142,-1,True,3.1781860212176225,arc
1.2763642178632644,11.142857142857142,1,True,2.050568506658893,arc
1.2763642178632644,12.0,0,True,0.5064881739070998,0
1.2763642178632644,12.0,-1,True,3.4761379553422715,arc
1.2763642178632644,12.0,1,True,2.169860685013596,arc
1.7895463267948966,0.0,0,True,0.02697791745253266,1
1.7895463267948966,0.0,-1,True,0.42968095137405105,arc
1.7895463267948966,0.0,1,True,3.2714002655990035,arc
1.7895463267948966,0.8571428571428571,0,True,0.012245231909409205,1
1.7895463267948966,0.8571428571428571,-1,True,0.5178612164206118,arc
1.7895463267948966,0.8571428571428571,1,True,3.0617886912630614,arc
1.7895463267948966,1.7142857142857142,0,True,0.007412197882967717,0
1.7895463267948966,1.7142857142857142,-1,True,0.621577931700406,arc
1.7895463267948966,1.7142857142857142,1,True,2.8756258344215655,arc
1.7895463267948966,2.571428571428571,0,True,0.008462913466509858,0
1.7895463267948966,2.571428571428571,-1,True,0.7405854318975673,arc
1.7895463267948966,2.571428571428571,1,True,2.714508582365002,arc
1.7895463267948966,3.4285714285714284,0,True,0.014753523918949657,0
1.7895463267948966,3.4285714285714284,-1,True,0.874514410330465,arc
1.7895463267948966,3.4285714285714284,1,True,2.5780851801838516,arc
1.7895463267948966,4.285714285714286,0,True,0.02628402924028711,0
1.7895463267948966,4.285714285714286,-1,True,1.0230311920968502,arc
1.7895463267948966,4.285714285714286,1,True,2.4674393075122203,arc
1.7895463267948966,5.142857142857142,0,True,0.043054429430522206,0
1.7895463267948966,5.142857142857142,-1,True,1.185957239348491,arc
1.7895463267948966,5.142857142857142,1,True,2.383496332244291,arc
1.7895463267948966,6.0,0,True,0.06506472448965497,0
1.7895463267948966,6.0,-1,True,1.362987709556605,arc
1.7895463267948966,6.0,1,True,2.32574254477512,arc
1.7895463267948966,6.857142857142857,0,True,0.09231491441768541,0
1.7895463267948966,6.857142857142857,-1,True,1.5539614540343107,arc
1.7895463267948966,6.857142857142857,1,True,2.2949292945355957,arc
1.7895463267948966,7.7142857142857135,0,True,0.12480499921461341,0
1.7895463267948966,7.7142857142857135,-1,True,1.7589540825699461,arc
1.7895463267948966,7.7142857142857135,1,True,2.2908296268798187,arc
1.7895463267948966,8.571428571428571,0,True,0.16253497888043922,0
1.7895463267948966,8.571428571428571,-1,True,1.9775071002800302,arc
1.7895463267948966,8.571428571428571,1,True,2.3131161604489443,arc
1.7895463267948966,9.428571428571429,0,True,0.20550485341516267,0
1.7895463267948966,9.428571428571429,-1,True,2.209513414942066,arc
1.7895463267948966,9.428571428571429,1,True,2.3610864328584706,arc
1.7895463267948966,10.285714285714285,0,True,0.2537146228187835,0
1.7895463267948966,10.285714285714285,-1,True,2.455262590838223,arc
1.7895463267948966,10.285714285714285,1,True,2.4337827155629435,arc
1.7895463267948966,11.142857142857142,0,True,0.3071642870913023,0
1.7895463267948966,11.142857142857142,-1,True,2.71429938405603,arc
1.7895463267948966,11.142857142857142,1,True,2.5296090198167747,arc
1.7895463267948966,12.0,0,True,0.3658538462327188,0
1.7895463267948966,12.0,-1,True,2.9865655044673423,arc
1.7895463267948966,12.0,1,True,2.6470513181617985,arc
2.3027284357265287,0.0,0,True,0.053948680345527564,arc
2.3027284357265287,0.0,-1,True,0.28847139829698776,arc
2.3027284357265287,0.0,1,True,4.084875242540401,arc
2.3027284357265287,0.8571428571428571,0,True,0.031155240200843686,1
2.3027284357265287,0.8571428571428571,-1,True,0.3616295608873258,arc
2.3027284357265287,0.8571428571428571,1,True,3.8496012288698855,arc
2.3027284357265287,1.7142857142857142,0,True,0.019669131482319677,1
2.3027284357265287,1.7142857142857142,-1,True,0.44944304267306856,arc
2.3027284357265287,1.7142857142857142,1,True,3.6392651560715037,arc
2.3027284357265287,2.571428571428571,0,True,0.0188945245839079,0
2.3027284357265287,2.571428571428571,-1,True,0.5515134659746346,arc
2.3027284357265287,2.571428571428571,1,True,3.4545117831746657,arc
2.3027284357265287,3.4285714285714284,0,True,0.023410164189191795,0
2.3027284357265287,3.4285714285714284,-1,True,0.6677240828965021,arc
2.3027284357265287,3.4285714285714284,1,True,3.2961259383271666,arc
2.3027284357265287,4.285714285714286,0,True,0.03183938375244817,0
2.3027284357265287,4.285714285714286,-1,True,0.7977074977872429,arc
2.3027284357265287,4.285714285714286,1,True,3.1644492002863824,arc
2.3027284357265287,5.142857142857142,0,True,0.04418218327367704,0
2.3027284357265287,5.142857142857142,-1,True,0.9412956357982235,arc
2.3027284357265287,5.142857142857142,1,True,3.060531072570341,arc
2.3027284357265287,6.0,0,True,0.06043856275287838,0
2.3027284357265287,6.0,-1,True,1.0983853256690248,arc
2.3027284357265287,6.0,1,True,2.98434026769221,arc
2.3027284357265287,6.857142857142857,0,True,0.0806085221900522,0
2.3027284357265287,6.857142857142857,-1,True,1.268831330290948,arc
2.3027284357265287,6.857142857142857,1,True,2.936475007514705,arc
2.3027284357265287,7.7142857142857135,0,True,0.10469206158519846,0
2.3027284357265287,7.7142857142857135,-1,True,1.4523816693508045,arc
2.3027284357265287,7.7142857142857135,1,True,2.9168520595378737,arc
2.3027284357265287,8.571428571428571,0,True,0.13268918093831727,0
2.3027284357265287,8.571428571428571,-1,True,1.64911819150408,arc
2.3027284357265287,8.571428571428571,1,True,2.9253191202490854,arc
2.3027284357265287,9.428571428571429,0,True,0.16459988024940853,0
2.3027284357265287,9.428571428571429,-1,True,1.8586924436671457,arc
2.3027284357265287,9.428571428571429,1,True,2.961606011912199,arc
2.3027284357265287,10.285714285714285,0,True,0.20042415951847226,0
2.3027284357265287,10.285714285714285,-1,True,2.0813770130814255,arc
2.3027284357265287,10.285714285714285,1,True,3.0249068799120336,arc
2.3027284357265287,11.142857142857142,0,True,0.24016201874550847,0
2.3027284357265287,11.142857142857142,-1,True,2.3169717153653315,arc
2.3027284357265287,11.142857142857142,1,True,3.113816180736584,arc
2.3027284357265287,12.0,0,True,0.2838134579305172,0
2.3027284357265287,12.0,-1,True,2.5652654549691905,arc
2.3027284357265287,12.0,1,True,3.2271208040954336,arc
2.815910544658161,0.0,0,True,0.0974294513374086,arc
2.815910544658161,0.0,-1,True,0.18530809707646112,arc
2.815910544658161,0.0,1,True,5.0410435766366275,arc
2.815910544658161,0.8571428571428571,0,True,0.06546502662227825,arc
2.815910544658161,0.8571428571428571,-1,True,0.24491599934580477,arc
2.815910544658161,0.8571428571428571,1,True,4.778839298361244,arc
2.815910544658161,1.7142857142857142,0,True,0.045988974739859814,arc
2.815910544658161,1.7142857142857142,-1,True,0.31821982974877056,arc
2.815910544658161,1.7142857142857142,1,True,4.542616109042999,arc
2.815910544658161,2.571428571428571,0,True,0.038529231378390136,1
2.815910544658161,2.571428571428571,-1,True,0.40486019179026533,arc
2.815910544658161,2.571428571428571,1,True,4.333189013450298,arc
2.815910544658161,3.4285714285714284,0,True,0.04260156081942468,0
2.815910544658161,3.4285714285714284,-1,True,0.5048417961579599,arc
2.815910544658161,3.4285714285714284,1,True,4.151087552470878,arc
2.815910544658161,4.285714285714286,0,True,0.05257199339536637,0
2.815910544658161,4.285714285714286,-1,True,0.6178110436194318,arc
2.815910544658161,4.285714285714286,1,True,3.9970357491564856,arc
2.815910544658161,5.142857142857142,0,True,0.06563569076102466,0
2.815910544658161,5.142857142857142,-1,True,0.7436225753188712,arc
2.815910544658161,5.142857142857142,1,True,3.8717265653802713,arc
2.815910544658161,6.0,0,True,0.08179265291639976,0
2.815910544658161,6.0,-1,True,0.8823184380763466,arc
2.815910544658161,6.0,1,True,3.775519643800939,arc
2.815910544658161,6.857142857142857,0,True,0.10104287986149148,0
2.815910544658161,6.857142857142857,-1,True,1.033630656652448,arc
2.815910544658161,6.857142857142857,1,True,3.7089529737390503,arc
2.815910544658161,7.7142857142857135,0,True,0.12338637159629989,0
2.815910544658161,7.7142857142857135,-1,True,1.1974481758353832,arc
2.815910544658161,7.7142857142857135,1,True,3.672163417440037,arc
2.815910544658161,8.571428571428571,0,True,0.14882312812082507,0
2.815910544658161,8.571428571428571,-1,True,1.3739270785096633,arc
2.815910544658161,8.571428571428571,1,True,3.6651604228484764,arc
2.815910544658161,9.428571428571429,0,True,0.17735314943506691,0
2.815910544658161,9.428571428571429,-1,True,1.5627828437571427,arc
2.815910544658161,9.428571428571429,1,True,3.6877913138351115,arc
2.815910544658161,10.285714285714285,0,True,0.2089764355390254,0
2.815910544658161,10.285714285714285,-1,True,1.7640091367116537,arc
2.815910544658161,10.285714285714285,1,True,3.7393862167186516,arc
2.815910544658161,11.142857142857142,0,True,0.24369298643270065,0
2.815910544658161,11.142857142857142,-1,True,1.9776143536499227,arc
2.815910544658161,11.142857142857142,1,True,3.819122361895558,arc
2.815910544658161,12.0,0,True,0.2815028021160927,0
2.815910544658161,12.0,-1,True,2.20365410268472,arc
2.815910544658161,12.0,1,True,3.9255987348373633,arc
3.329092653589793,0.0,0,True,0.16305617691874733,arc
3.329092653589793,0.0,-1,True,0.11265470498378266,arc
3.329092653589793,0.0,1,True,6.156105790413741,arc
3.329092653589793,0.8571428571428571,0,True,0.12042736011361246,arc
3.329092653589793,0.8571428571428571,-1,True,0.16017705974670854,arc
3.329092653589793,0.8571428571428571,1,True,5.864841438029867,arc
3.329092653589793,1.7142857142857142,0,True,0.09149925159487908,arc
3.329092653589793,1.7142857142857142,-1,True,0.22037216723384534,arc
3.329092653589793,1.7142857142857142,1,True,5.60199495849439,arc
3.329092653589793,2.571428571428571,0,True,0.07617713041858623,arc
3.329092653589793,2.571428571428571,-1,True,0.29308921926857084,arc
3.329092653589793,2.571428571428571,1,True,5.366249000484917,arc
3.329092653589793,3.4285714285714284,0,True,0.07381038357065807,1
3.329092653589793,3.4285714285714284,-1,True,0.37830802250111417,arc
3.329092653589793,3.4285714285714284,1,True,5.159086372933287,arc
3.329092653589793,4.285714285714286,0,True,0.08333825528099897,1
3.329092653589793,4.285714285714286,-1,True,0.47576081275745885,arc
3.329092653589793,4.285714285714286,1,True,4.981086791697275,arc
3.329092653589793,5.142857142857142,0,True,0.10188795591850629,0
3.329092653589793,5.142857142857142,-1,True,0.5854047992676246,arc
3.329092653589793,5.142857142857142,1,True,4.8329462765067355,arc
3.329092653589793,6.0,0,True,0.12362561156153665,0
3.329092653589793,6.0,-1,True,0.7071246290037536,arc
3.329092653589793,6.0,1,True,4.7152787715970295,arc
3.329092653589793,6.857142857142857,0,True,0.1483535516445623,0
3.329092653589793,6.857142857142857,-1,True,0.8409128071639222,arc
3.329092653589793,6.857142857142857,1,True,4.628481606511942,arc
3.329092653589793,7.7142857142857135,0,True,0.17607177616758332,0
3.329092653589793,7.7142857142857135,-1,True,0.9865913887698645,arc
3.329092653589793,7.7142857142857135,1,True,4.572902957855524,arc
3.329092653589793,8.571428571428571,0,True,0.20678028513059968,0
3.329092653589793,8.571428571428571,-1,True,1.14436757185586,arc
3.329092653589793,8.571428571428571,1,True,4.548653140875298,arc
3.329092653589793,9.428571428571429,0,True,0.2404790785336114,0
3.329092653589793,9.428571428571429,-1,True,1.3140208259649682,arc
3.329092653589793,9.428571428571429,1,True,4.5553747103306215,arc
3.329092653589793,10.285714285714285,0,True,0.2771681563766183,0
3.329092653589793,10.285714285714285,-1,True,1.4953523300954095,arc
3.329092653589793,10.285714285714285,1,True,4.5935584459972025,arc
3.329092653589793,11.142857142857142,0,True,0.31684751865962063,0
3.329092653589793,11.142857142857142,-1,True,1.6888971235455141,arc
3.329092653589793,11.142857142857142,1,True,4.661762509589081,arc
3.329092653589793,12.0,0,True,0.3595171653826183,0
3.329092653589793,12.0,-1,True,1.894121499061078,arc
3.329092653589793,12.0,1,True,4.759113187346095,arc
3.8422747625214253,0.0,0,True,0.257302556856599,arc
3.8422747625214253,0.0,-1,True,0.06381198735931426,arc
3.8422747625214253,0.0,1,True,7.4465353013778355,arc
3.8422747625214253,0.8571428571428571,0,True,0.20252506178941992,arc
3.8422747625214253,0.8571428571428571,-1,True,0.10063792852371606,arc
3.8422747625214253,0.8571428571428571,1,True,7.126269247116868,arc
3.8422747625214253,1.7142857142857142,0,True,0.16264392561780466,arc
3.8422747625214253,1.7142857142857142,-1,True,0.14922703991574954,arc
3.8422747625214253,1.7142857142857142,1,True,6.833974910185306,arc
3.8422747625214253,2.571428571428571,0,True,0.1377122915608035,arc
3.8422747625214253,2.571428571428571,-1,True,0.20951809218056122,arc
3.8422747625214253,2.571428571428571,1,True,6.570553979082616,arc
3.8422747625214253,3.4285714285714284,0,True,0.12758342996822675,arc
3.8422747625214253,3.4285714285714284,-1,True,0.2814294744452086,arc
3.8422747625214253,3.4285714285714284,1,True,6.336749273181978,arc
3.8422747625214253,4.285714285714286,0,True,0.13145825682537923,arc
3.8422747625214253,4.285714285714286,-1,True,0.364856677643026,arc
3.8422747625214253,4.285714285714286,1,True,6.132985925291607,arc
3.8422747625214253,5.142857142857142,0,True,0.14759168480644105,1
3.8422747625214253,5.142857142857142,-1,True,0.45977060082891197,arc
3.8422747625214253,5.142857142857142,1,True,5.9609662489342075,arc
3.8422747625214253,6.0,0,True,0.17516038690421232,1
3.8422747625214253,6.0,-1,True,0.5661230452190696,arc
3.8422747625214253,6.0,1,True,5.820173491772658,arc
3.8422747625214253,6.857142857142857,0,True,0.21035204609425176,0
3.8422747625214253,6.857142857142857,-1,True,0.6839641546789701,arc
3.8422747625214253,6.857142857142857,1,True,5.711638211683223,arc
3.8422747625214253,7.7142857142857135,0,True,0.2491751092734521,0
3.8422747625214253,7.7142857142857135,-1,True,0.8131331074367605,arc
3.8422747625214253,7.7142857142857135,1,True,5.635578996777875,arc
3.8422747625214253,8.571428571428571,0,True,0.2916293418473802,0
3.8422747625214253,8.571428571428571,-1,True,0.9537001099834209,arc
3.8422747625214253,8.571428571428571,1,True,5.59239565930508,arc
3.8422747625214253,9.428571428571429,0,True,0.33771474381603617,0
3.8422747625214253,9.428571428571429,-1,True,1.1056418584805074,arc
3.8422747625214253,9.428571428571429,1,True,5.582104497949976,arc
3.8422747625214253,10.285714285714285,0,True,0.38743131517942,0
3.8422747625214253,10.285714285714285,-1,True,1.268843041183869,arc
3.8422747625214253,10.285714285714285,1,True,5.604472942128119,arc
3.8422747625214253,11.142857142857142,0,True,0.44077905593753175,0
3.8422747625214253,11.142857142857142,-1,True,1.4435156416712478,arc
3.8422747625214253,11.142857142857142,1,True,5.659050459898149,arc
3.8422747625214253,12.0,0,True,0.4977579660903715,0
3.8422747625214253,12.0,-1,True,1.6294890149950194,arc
3.8422747625214253,12.0,1,True,5.745164855474696,arc
4.3554568714530575,0.0,0,True,0.3874433147245313,arc
4.3554568714530575,0.0,-1,True,0.03286690334267739,1
4.3554568714530575,0.0,1,True,8.930092511795678,arc
4.3554568714530575,0.8571428571428571,0,True,0.31909315724476994,arc
4.3554568714530575,0.8571428571428571,-1,True,0.06049006428253594,1
4.3554568714530575,0.8571428571428571,1,True,8.578417081102423,arc
4.3554568714530575,1.7142857142857142,0,True,0.2667956409998853,arc
4.3554568714530575,1.7142857142857142,-1,True,0.09894798973358915,arc
4.3554568714530575,1.7142857142857142,1,True,8.255918537239236,arc
4.3554568714530575,2.571428571428571,0,True,0.23064756897081154,arc
4.3554568714530575,2.571428571428571,-1,True,0.1482264658747282,arc
4.3554568714530575,2.571428571428571,1,True,7.963525457657856,arc
4.3554568714530575,3.4285714285714284,0,True,0.21083269286678974,arc
4.3554568714530575,3.4285714285714284,-1,True,0.20832277986570832,arc
4.3554568714530575,3.4285714285714284,1,True,7.70169385743414,arc
4.3554568714530575,4.285714285714286,0,True,0.20700062151841903,arc
4.3554568714530575,4.285714285714286,-1,True,0.2792243898944913,arc
4.3554568714530575,4.285714285714286,1,True,7.4713324161514,arc
4.3554568714530575,5.142857142857142,0,True,0.21823226024376363,arc
4.3554568714530575,5.142857142857142,-1,True,0.3609218692626549,arc
4.3554568714530575,5.142857142857142,1,True,7.273176577717422,arc
4.3554568714530575,6.0,0,True,0.24274510086192574,1
4.3554568714530575,6.0,-1,True,0.4533988468901543,arc
4.3554568714530575,6.0,1,True,7.107751253179474,arc
4.3554568714530575,6.857142857142857,0,True,0.2783785805141106,1
4.3554568714530575,6.857142857142857,-1,True,0.5566708006306658,arc
4.3554568714530575,6.857142857142857,1,True,6.975983334671099,arc
4.3554568714530575,7.7142857142857135,0,True,0.3248230553576596,1
4.3554568714530575,7.7142857142857135,-1,True,0.6707197939843201,arc
4.3554568714530575,7.7142857142857135,1,True,6.8780186417056015,arc
4.3554568714530575,8.571428571428571,0,True,0.3815109172280942,0
4.3554568714530575,8.571428571428571,-1,True,0.7955605775126797,arc
4.3554568714530575,8.571428571428571,1,True,6.8142586328203825,arc
4.3554568714530575,9.428571428571429,0,True,0.44400964336008714,0
4.3554568714530575,9.428571428571429,-1,True,0.9311431269248579,arc
4.3554568714530575,9.428571428571429,1,True,6.784799984392198,arc
4.3554568714530575,10.285714285714285,0,True,0.5113591800808809,0
4.3554568714530575,10.285714285714285,-1,True,1.07754421033197,arc
4.3554568714530575,10.285714285714285,1,True,6.789792628481301,arc
4.3554568714530575,11.142857142857142,0,True,0.5835595273904753,0
4.3554568714530575,11.142857142857142,-1,True,1.2347464129108847,arc
4.3554568714530575,11.142857142857142,1,True,6.828930839390714,arc
4.3554568714530575,12.0,0,True,0.660610685288871,0
4.3554568714530575,12.0,-1,True,1.4027236539574175,arc
4.3554568714530575,12.0,1,True,6.901484411788819,arc
4.86863898038469,0.0,0,True,0.5616364495388171,arc
4.86863898038469,0.0,-1,True,0.015324492762733444,1
4.86863898038469,0.0,1,True,10.625100272645003,arc
4.86863898038469,0.8571428571428571,0,True,0.4783119457957118,arc
4.86863898038469,0.8571428571428571,-1,True,0.03489122929184926,1
4.86863898038469,0.8571428571428571,1,True,10.240669182576204,arc
4.86863898038469,1.7142857142857142,0,True,0.4120279171554415,arc
4.86863898038469,1.7142857142857142,-1,True,0.06450512657063173,1
4.86863898038469,1.7142857142857142,1,True,9.88653534086172,arc
4.86863898038469,2.571428571428571,0,True,0.3632396928823306,arc
4.86863898038469,2.571428571428571,-1,True,0.1041813221185245,1
4.86863898038469,2.571428571428571,1,True,9.56333185553008,arc
4.86863898038469,3.4285714285714284,0,True,0.332131047078893,arc
4.86863898038469,3.4285714285714284,-1,True,0.15392827795314645,1
4.86863898038469,3.4285714285714284,1,True,9.27196697882966,arc
4.86863898038469,4.285714285714286,0,True,0.31853645655515767,arc
4.86863898038469,4.285714285714286,-1,True,0.2136950660138579,1
4.86863898038469,4.285714285714286,1,True,9.013497021236507,arc
4.86863898038469,5.142857142857142,0,True,0.3221954597156602,arc
4.86863898038469,5.142857142857142,-1,True,0.283582920185787,1
4.86863898038469,5.142857142857142,1,True,8.788089329900789,arc
4.86863898038469,6.0,0,True,0.3419767121188917,arc
4.86863898038469,6.0,-1,True,0.3634533473545833,1
4.86863898038469,6.0,1,True,8.59666985802756,arc
4.86863898038469,6.857142857142857,0,True,0.3761970485593229,arc
4.86863898038469,6.857142857142857,-1,True,0.4533970794928384,1
4.86863898038469,6.857142857142857,1,True,8.44007668602666,arc
4.86863898038469,7.7142857142857135,0,True,0.4225624879259381,1
4.86863898038469,7.7142857142857135,-1,True,0.5534924919635184,1
4.86863898038469,7.7142857142857135,1,True,8.31845785047631,arc
4.86863898038469,8.571428571428571,0,True,0.47917067407619224,1
4.86863898038469,8.571428571428571,-1,True,0.6636021327102728,1
4.86863898038469,8.571428571428571,1,True,8.232558706025252,arc
4.86863898038469,9.428571428571429,0,True,0.5458601444337499,1
4.86863898038469,9.428571428571429,-1,True,0.7836185876650115,1
4.86863898038469,9.428571428571429,1,True,8.182483878875145,arc
4.86863898038469,10.285714285714285,0,True,0.6226089673163921,1
4.86863898038469,10.285714285714285,-1,True,0.9139400123844403,1
4.86863898038469,10.285714285714285,1,True,8.16830312744127,arc
4.86863898038469,11.142857142857142,0,True,0.7094012212464493,1
4.86863898038469,11.142857142857142,-1,True,1.054108840737095,1
4.86863898038469,11.142857142857142,1,True,8.189817233353146,arc
4.86863898038469,12.0,0,True,0.806120117103017,0
4.86863898038469,12.0,-1,True,1.2044999048295226,1
4.86863898038469,12.0,1,True,8.246899205077876,arc
5.381821089316322,0.0,0,True,0.7889108904388207,arc
5.381821089316322,0.0,-1,True,0.006557219569977635,0
5.381821089316322,0.0,1,True,12.550630257706825,arc
5.381821089316322,0.8571428571428571,0,True,0.6890523030284201,arc
5.381821089316322,0.8571428571428571,-1,True,0.020095645978216704,1
5.381821089316322,0.8571428571428571,1,True,12.132036342099001,arc
5.381821089316322,1.7142857142857142,0,True,0.6074710319560682,arc
5.381821089316322,1.7142857142857142,-1,True,0.04240264541602749,1
5.381821089316322,1.7142857142857142,1,True,11.744975214193033,arc
5.381821089316322,2.571428571428571,0,True,0.5445198995137253,arc
5.381821089316322,2.571428571428571,-1,True,0.07406869179953324,1
5.381821089316322,2.571428571428571,1,True,11.389777719082964,arc
5.381821089316322,3.4285714285714284,0,True,0.5004661671352606,arc
5.381821089316322,3.4285714285714284,-1,True,0.11511962244630718,1
5.381821089316322,3.4285714285714284,1,True,11.067310412676,arc
5.381821089316322,4.285714285714286,0,True,0.4754804391828432,arc
5.381821089316322,4.285714285714286,-1,True,0.1655504809418168,1
5.381821089316322,4.285714285714286,1,True,10.77894226601579,arc
5.381821089316322,5.142857142857142,0,True,0.46944085623437826,arc
5.381821089316322,5.142857142857142,-1,True,0.2253235013277871,1
5.381821089316322,5.142857142857142,1,True,10.524841123265197,arc
5.381821089316322,6.0,0,True,0.4817758589906235,arc
5.381821089316322,6.0,-1,True,0.2944827922050693,1
5.381821089316322,6.0,1,True,10.305904761297779,arc
5.381821089316322,6.857142857142857,0,True,0.5112810824215349,arc
5.381821089316322,6.857142857142857,-1,True,0.37304911182155753,1
5.381821089316322,6.857142857142857,1,True,10.122793044210447,arc
5.381821089316322,7.7142857142857135,0,True,0.5563686615916767,arc
5.381821089316322,7.7142857142857135,-1,True,0.4609586041661401,1
5.381821089316322,7.7142857142857135,1,True,9.97633872979327,arc
5.381821089316322,8.571428571428571,0,True,0.6150729868466882,arc
5.381821089316322,8.571428571428571,-1,True,0.5582387727828502,1
5.381821089316322,8.571428571428571,1,True,9.866531405519716,arc
5.381821089316322,9.428571428571429,0,True,0.6854516242476734,1
5.381821089316322,9.428571428571429,-1,True,0.6648901427316104,1
5.381821089316322,9.428571428571429,1,True,9.794141709571726,arc
5.381821089316322,10.285714285714285,0,True,0.7656437193893177,1
5.381821089316322,10.285714285714285,-1,True,0.7809110903838161,1
5.381821089316322,10.285714285714285,1,True,9.759153223675211,arc
5.381821089316322,11.142857142857142,0,True,0.8552288780108319,1
5.381821089316322,11.142857142857142,-1,True,0.9063993866702476,1
5.381821089316322,11.142857142857142,1,True,9.761584407097137,arc
5.381821089316322,12.0,0,True,0.9541591329830661,1
5.381821089316322,12.0,-1,True,1.0411816133550411,1
5.381821089316322,12.0,1,True,9.801234883109613,arc
5.895003198247954,0.0,0,True,1.0789964645936632,arc
5.895003198247954,0.0,-1,True,0.0012856870845755154,0
5.895003198247954,0.0,1,True,14.726982915221107,arc
5.895003198247954,0.8571428571428571,0,True,0.9613304974273167,arc
5.895003198247954,0.8571428571428571,-1,True,0.010256599327507847,0
5.895003198247954,0.8571428571428571,1,True,14.27250344645784,arc
5.895003198247954,1.7142857142857142,0,True,0.8629242148030476,arc
5.895003198247954,1.7142857142857142,-1,True,0.027825401515451532,0
5.895003198247954,1.7142857142857142,1,True,13.85070990272735,arc
5.895003198247954,2.571428571428571,0,True,0.7842607354079822,arc
5.895003198247954,2.571428571428571,-1,True,0.053992093648406604,0
5.895003198247954,2.571428571428571,1,True,13.462337357431354,arc
5.895003198247954,3.4285714285714284,0,True,0.7257922252454128,arc
5.895003198247954,3.4285714285714284,-1,True,0.08875667572637302,0
5.895003198247954,3.4285714285714284,1,True,13.10766385409229,arc
5.895003198247954,4.285714285714286,0,True,0.6877363189619168,arc
5.895003198247954,4.285714285714286,-1,True,0.1321982605181055,1
5.895003198247954,4.285714285714286,1,True,12.787778780961233,arc
5.895003198247954,5.142857142857142,0,True,0.6702344137920483,arc
5.895003198247954,5.142857142857142,-1,True,0.18455327202211105,1
5.895003198247954,5.142857142857142,1,True,12.50349614480539,arc
5.895003198247954,6.0,0,True,0.6729921083381645,arc
5.895003198247954,6.0,-1,True,0.24583643457484072,1
5.895003198247954,6.0,1,True,12.255545585849772,arc
5.895003198247954,6.857142857142857,0,True,0.6951966094333889,arc
5.895003198247954,6.857142857142857,-1,True,0.316035127093327,1
5.895003198247954,6.857142857142857,1,True,12.04478536225722,arc
5.895003198247954,7.7142857142857135,0,True,0.7357450872359542,arc
5.895003198247954,7.7142857142857135,-1,True,0.39516291766189315,1
5.895003198247954,7.7142857142857135,1,True,11.871544061173768,arc
5.895003198247954,8.571428571428571,0,True,0.7928861221361077,arc
5.895003198247954,8.571428571428571,-1,True,0.4832151251635741,1
5.895003198247954,8.571428571428571,1,True,11.73644363560194,arc
5.895003198247954,9.428571428571429,0,True,0.8648766999026867,arc
5.895003198247954,9.428571428571429,-1,True,0.5801913355821605,1
5.895003198247954,9.428571428571429,1,True,11.640158608886622,arc
5.895003198247954,10.285714285714285,0,True,0.9500547838443321,arc
5.895003198247954,10.285714285714285,-1,True,0.686121574459052,1
5.895003198247954,10.285714285714285,1,True,11.582503407837773,arc
5.895003198247954,11.142857142857142,0,True,1.0470977882670787,arc
5.895003198247954,11.142857142857142,-1,True,0.8009543463078324,1
5.895003198247954,11.142857142857142,1,True,11.564041773742822,arc
5.895003198247954,12.0,0,True,1.15463353326311,1
5.895003198247954,12.0,-1,True,0.9247123067460628,1
5.895003198247954,12.0,1,True,11.584454037962173,arc
6.408185307179586,0.0,0,True,1.442660028825246,arc
6.408185307179586,0.0,-1,True,0.00013482768096903562,0
6.408185307179586,0.0,1,True,17.174672602633997,arc
6.408185307179586,0.8571428571428571,0,True,1.305629707815564,arc
6.408185307179586,0.8571428571428571,-1,True,0.0029927551754183744,0
6.408185307179586,0.8571428571428571,1,True,16.683094588170945,arc
6.408185307179586,1.7142857142857142,0,True,1.1887426920825797,arc
6.408185307179586,1.7142857142857142,-1,True,0.014644299449802334,0
6.408185307179586,1.7142857142857142,1,True,16.225585733327506,arc
6.408185307179586,2.571428571428571,0,True,1.0931066970380512,arc
6.408185307179586,2.571428571428571,-1,True,0.03508946050412092,0
6.408185307179586,2.571428571428571,1,True,15.801970476875189,arc
6.408185307179586,3.4285714285714284,0,True,1.0187122813945506,arc
6.408185307179586,3.4285714285714284,-1,True,0.06432823833837413,0
6.408185307179586,3.4285714285714284,1,True,15.413002380264315,arc
6.408185307179586,4.285714285714286,0,True,0.9660523935603205,arc
6.408185307179586,4.285714285714286,-1,True,0.10236063295256198,0
6.408185307179586,4.285714285714286,1,True,15.060375721390802,arc
6.408185307179586,5.142857142857142,0,True,0.9354331503695454,arc
6.408185307179586,5.142857142857142,-1,True,0.1491866443466844,0
6.408185307179586,5.142857142857142,1,True,14.744344334373546,arc
6.408185307179586,6.0,0,True,0.9267056437699407,arc
6.408185307179586,6.0,-1,True,0.2048062725207415,0
6.408185307179586,6.0,1,True,14.466445149655291,arc
6.408185307179586,6.857142857142857,0,True,0.939399142810557,arc
6.408185307179586,6.857142857142857,-1,True,0.2692195174747332,0
6.408185307179586,6.857142857142857,1,True,14.22614684866916,arc
6.408185307179586,7.7142857142857135,0,True,0.9728708176253875,arc
6.408185307179586,7.7142857142857135,-1,True,0.34242637920865937,0
6.408185307179586,7.7142857142857135,1,True,14.024788521155461,arc
6.408185307179586,8.571428571428571,0,True,1.0256016907993806,arc
6.408185307179586,8.571428571428571,-1,True,0.4244268577225205,0
6.408185307179586,8.571428571428571,1,True,13.863113633640452,arc
6.408185307179586,9.428571428571429,0,True,1.096083239716851,arc
6.408185307179586,9.428571428571429,-1,True,0.5152209530163161,0
6.408185307179586,9.428571428571429,1,True,13.741077417948453,arc
6.408185307179586,10.285714285714285,0,True,1.1825196724406866,arc
6.408185307179586,10.285714285714285,-1,True,0.6148086650900462,0
6.408185307179586,10.285714285714285,1,True,13.659522929848738,arc
6.408185307179586,11.142857142857142,0,True,1.2834064834604222,arc
6.408185307179586,11.142857142857142,-1,True,0.7231899939437112,0
6.408185307179586,11.142857142857142,1,True,13.618427073706505,arc
6.408185307179586,12.0,0,True,1.3974402389019993,arc
6.408185307179586,12.0,-1,True,0.8403649395773105,0
6.408185307179586,12.0,1,True,13.617060760206584,arc
6.921367416111218,0.0,0,True,1.8910417402154023,arc
6.921367416111218,0.0,-1,True,0.003401133449982607,0
6.921367416111218,0.0,1,True,19.915513167722047,arc
6.921367416111218,0.8571428571428571,0,True,1.733324018184705,arc
6.921367416111218,0.8571428571428571,-1,True,0.00016691899819016028,0
6.921367416111218,0.8571428571428571,1,True,19.385769262144926,arc
6.921367416111218,1.7142857142857142,0,True,1.596973916005247,arc
6.921367416111218,1.7142857142857142,-1,True,0.0051708202042515874,0
6.921367416111218,1.7142857142857142,1,True,18.890456770545654,arc
6.921367416111218,2.571428571428571,0,True,1.4825624684785268,arc
6.921367416111218,2.571428571428571,-1,True,0.018412837068166887,0
6.921367416111218,2.571428571428571,1,True,18.430444056433025,arc
6.921367416111218,3.4285714285714284,0,True,1.3907814650079051,arc
6.921367416111218,3.4285714285714284,-1,True,0.03989296958993607,0
6.921367416111218,3.4285714285714284,1,True,18.00658899408161,arc
6.921367416111218,4.285714285714286,0,True,1.3220427400778836,arc
6.921367416111218,4.285714285714286,-1,True,0.0696112177695591,0
6.921367416111218,4.285714285714286,1,True,17.61973642530586,arc
6.921367416111218,5.142857142857142,0,True,1.276469183651413,arc
6.921367416111218,5.142857142857142,-1,True,0.107567581607036,0
6.921367416111218,5.142857142857142,1,True,17.270691601361435,arc
6.921367416111218,6.0,0,True,1.254590025857436,arc
6.921367416111218,6.0,-1,True,0.15376206110236684,0
6.921367416111218,6.0,1,True,16.960248818670426,arc
6.921367416111218,6.857142857142857,0,True,1.2559134231660356,arc
6.921367416111218,6.857142857142857,-1,True,0.20819465625555142,0
6.921367416111218,6.857142857142857,1,True,16.689564355465016,arc
6.921367416111218,7.7142857142857135,0,True,1.2799376963148892,arc
6.921367416111218,7.7142857142857135,-1,True,0.2708653670665899,0
6.921367416111218,7.7142857142857135,1,True,16.458579946233094,arc
6.921367416111218,8.571428571428571,0,True,1.325850166962668,arc
6.921367416111218,8.571428571428571,-1,True,0.34177419353548244,0
6.921367416111218,8.571428571428571,1,True,16.26826483067166,arc
6.921367416111218,9.428571428571429,0,True,1.3921626185348681,arc
6.921367416111218,9.428571428571429,-1,True,0.4209211356622287,0
6.921367416111218,9.428571428571429,1,True,16.119343492635316,arc
6.921367416111218,10.285714285714285,0,True,1.4771650557656009,arc
6.921367416111218,10.285714285714285,-1,True,0.5083061934468287,0
6.921367416111218,10.285714285714285,1,True,16.0118835059046,arc
6.921367416111218,11.142857142857142,0,True,1.5793935911882686,arc
6.921367416111218,11.142857142857142,-1,True,0.6039293668892827,0
6.921367416111218,11.142857142857142,1,True,15.946494843585011,arc
6.921367416111218,12.0,0,True,1.697143488058737,arc
6.921367416111218,12.0,-1,True,0.7077906559895908,0
6.921367416111218,12.0,1,True,15.922990550091763,arc
7.434549525042851,0.0,0,True,2.4371609281972955,arc
7.434549525042851,0.0,-1,True,0.010243116870471703,0
7.434549525042851,0.0,1,True,22.971996590073253,arc
7.434549525042851,0.8571428571428571,0,True,2.256771276252225,arc
7.434549525042851,0.8571428571428571,-1,True,0.002507101597045397,0
7.434549525042851,0.8571428571428571,1,True,22.402297797813773,arc
7.434549525042851,1.7142857142857142,0,True,2.099456933212019,arc
7.434549525042851,1.7142857142857142,-1,True,0.0018455848139083194,0
7.434549525042851,1.7142857142857142,1,True,21.868136819113687,arc
7.434549525042851,2.571428571428571,0,True,1.964999124434166,arc
7.434549525042851,2.571428571428571,-1,True,0.008258566521060464,0
7.434549525042851,2.571428571428571,1,True,21.370281736638503,arc
7.434549525042851,3.4285714285714284,0,True,1.854089289591459,arc
7.434549525042851,3.4285714285714284,-1,True,0.021746046718501857,0
7.434549525042851,3.4285714285714284,1,True,20.909669484630633,arc
7.434549525042851,4.285714285714286,0,True,1.7678248834887387,arc
7.434549525042851,4.285714285714286,-1,True,0.04230802540623252,0
7.434549525042851,4.285714285714286,1,True,20.487077642150126,arc
7.434549525042851,5.142857142857142,0,True,1.7060942370003396,arc
7.434549525042851,5.142857142857142,-1,True,0.06994450258425233,0
7.434549525042851,5.142857142857142,1,True,20.10374114292312,arc
7.434549525042851,6.0,0,True,1.6692264873915215,arc
7.434549525042851,6.0,-1,True,0.10465547825256145,0
7.434549525042851,6.0,1,True,19.759994848009995,arc
7.434549525042851,6.857142857142857,0,True,1.657222005007967,arc
7.434549525042851,6.857142857142857,-1,True,0.1464409524111597,0
7.434549525042851,6.857142857142857,1,True,19.456663304894626,arc
7.434549525042851,7.7142857142857135,0,True,1.6699250269386288,arc
7.434549525042851,7.7142857142857135,-1,True,0.19530092506004731,0
7.434549525042851,7.7142857142857135,1,True,19.19457863161582,arc
7.434549525042851,8.571428571428571,0,True,1.706606995435703,arc
7.434549525042851,8.571428571428571,-1,True,0.25123539619922414,0
7.434549525042851,8.571428571428571,1,True,18.974346126345743,arc
7.434549525042851,9.428571428571429,0,True,1.7661345318988826,arc
7.434549525042851,9.428571428571429,-1,True,0.31424436582869036,0
7.434549525042851,9.428571428571429,1,True,18.796494963757404,arc
7.434549525042851,10.285714285714285,0,True,1.8471928732244103,arc
7.434549525042851,10.285714285714285,-1,True,0.38432783394844533,0
7.434549525042851,10.285714285714285,1,True,18.66218085806073,arc
7.434549525042851,11.142857142857142,0,True,1.9482333524150524,arc
7.434549525042851,11.142857142857142,-1,True,0.46148580055849,0
7.434549525042851,11.142857142857142,1,True,18.570636083137757,arc
7.434549525042851,12.0,0,True,2.067427430732855,arc
7.434549525042851,12.0,-1,True,0.545718265658824,0
7.434549525042851,12.0,1,True,18.522607450204976,arc
7.947731633974483,0.0,0,True,3.0930816927991316,arc
7.947731633974483,0.0,-1,True,0.022431105071846952,1
7.947731633974483,0.0,1,True,26.367993397438813,arc
7.947731633974483,0.8571428571428571,0,True,2.889675523209471,arc
7.947731633974483,0.8571428571428571,-1,True,0.00951721768847152,1
7.947731633974483,0.8571428571428571,1,True,25.75651912556588,arc
7.947731633974483,1.7142857142857142,0,True,2.709463327395021,arc
7.947731633974483,1.7142857142857142,-1,True,0.00552526264279445,0
7.947731633974483,1.7142857142857142,1,True,25.18226007458,arc
7.947731633974483,2.571428571428571,0,True,2.553497697162386,arc
7.947731633974483,2.571428571428571,-1,True,0.007242659902789499,0
7.947731633974483,2.571428571428571,1,True,24.645156823741125,arc
7.947731633974483,3.4285714285714284,0,True,2.42237914192349,arc
7.947731633974483,3.4285714285714284,-1,True,0.014562601271261529,0
7.947731633974483,3.4285714285714284,1,True,24.1459967478417,arc
7.947731633974483,4.285714285714286,0,True,2.3168147775994394,arc
7.947731633974483,4.285714285714286,-1,True,0.027485086748210565,0
7.947731633974483,4.285714285714286,1,True,23.686073027525808,arc
7.947731633974483,5.142857142857142,0,True,2.237028843446359,arc
7.947731633974483,5.142857142857142,-1,True,0.04601011633363655,0
7.947731633974483,5.142857142857142,1,True,23.267139884289133,arc
7.947731633974483,6.0,0,True,2.1836211679980155,arc
7.947731633974483,6.0,-1,True,0.07013769002753951,0
7.947731633974483,6.0,1,True,22.887633417877307,arc
7.947731633974483,6.857142857142857,0,True,2.156796698117694,arc
7.947731633974483,6.857142857142857,-1,True,0.09986780782991947,0
7.947731633974483,6.857142857142857,1,True,22.55126341795325,arc
7.947731633974483,7.7142857142857135,0,True,2.1561406295122296,arc
7.947731633974483,7.7142857142857135,-1,True,0.13520046974077646,0
7.947731633974483,7.7142857142857135,1,True,22.256554947504938,arc
7.947731633974483,8.571428571428571,0,True,2.1815417630865297,arc
7.947731633974483,8.571428571428571,-1,True,0.17613567576011038,0
7.947731633974483,8.571428571428571,1,True,22.00485040676029,arc
7.947731633974483,9.428571428571429,0,True,2.2320981647830163,arc
7.947731633974483,9.428571428571429,-1,True,0.22267342588792127,0
7.947731633974483,9.428571428571429,1,True,21.797369558425828,arc
7.947731633974483,10.285714285714285,0,True,2.30671649643498,arc
7.947731633974483,10.285714285714285,-1,True,0.27481372012420907,0
7.947731633974483,10.285714285714285,1,True,21.633735326791594,arc
7.947731633974483,11.142857142857142,0,True,2.4038826917494145,arc
7.947731633974483,11.142857142857142,-1,True,0.33255655846897403,0
7.947731633974483,11.142857142857142,1,True,21.514991421187638,arc
7.947731633974483,12.0,0,True,2.5220145427890364,arc
7.947731633974483,12.0,-1,True,0.395901940922216,0
7.947731633974483,12.0,1,True,21.4409978151322,arc
8.460913742906115,0.0,0,True,3.874183907644389,arc
8.460913742906115,0.0,-1,True,0.04604198385190161,1
8.460913742906115,0.0,1,True,30.12708455098121,arc
8.460913742906115,0.8571428571428571,0,True,3.645248766525327,arc
8.460913742906115,0.8571428571428571,-1,True,0.025275103449553672,1
8.460913742906115,0.8571428571428571,1,True,29.47314299220624,arc
8.460913742906115,1.7142857142857142,0,True,3.4407866604970563,arc
8.460913742906115,1.7142857142857142,-1,True,0.015650526746091888,1
8.460913742906115,1.7142857142857142,1,True,28.856727059474743,arc
8.460913742906115,2.571428571428571,0,True,3.262114825725768,arc
8.460913742906115,2.571428571428571,-1,True,0.015626841865722108,0
8.460913742906115,2.571428571428571,1,True,28.278821110548837,arc
8.460913742906115,3.4285714285714284,0,True,3.109207930832036,arc
8.460913742906115,3.4285714285714284,-1,True,0.020193280471760392,0
8.460913742906115,3.4285714285714284,1,True,27.740304022098048,arc
8.460913742906115,4.285714285714286,0,True,2.982964473009457,arc
8.460913742906115,4.285714285714286,-1,True,0.028961186315223954,0
8.460913742906115,4.285714285714286,1,True,27.24204217980168,arc
8.460913742906115,5.142857142857142,0,True,2.8838274430011976,arc
8.460913742906115,5.142857142857142,-1,True,0.04193055939611276,0
8.460913742906115,5.142857142857142,1,True,26.784901150776093,arc
8.460913742906115,6.0,0,True,2.8122456353976593,arc
8.460913742906115,6.0,-1,True,0.059101399714426864,0
8.460913742906115,6.0,1,True,26.369747152718986,arc
8.460913742906115,6.857142857142857,0,True,2.7687046535167754,arc
8.460913742906115,6.857142857142857,-1,True,0.08047370727016614,0
8.460913742906115,6.857142857142857,1,True,25.99742901104425,arc
8.460913742906115,7.7142857142857135,0,True,2.752872163930375,arc
8.460913742906115,7.7142857142857135,-1,True,0.10604748206333077,0
8.460913742906115,7.7142857142857135,1,True,25.66903820475722,arc
8.460913742906115,8.571428571428571,0,True,2.76505302834585,arc
8.460913742906115,8.571428571428571,-1,True,0.1358227240939206,0
8.460913742906115,8.571428571428571,1,True,25.38406400950234,arc
8.460913742906115,9.428571428571429,0,True,2.804477559664937,arc
8.460913742906115,9.428571428571429,-1,True,0.16979943336193573,0
8.460913742906115,9.428571428571429,1,True,25.145034439624865,arc
8.460913742906115,10.285714285714285,0,True,2.870157960063235,arc
8.460913742906115,10.285714285714285,-1,True,0.20797760986737607,0
8.460913742906115,10.285714285714285,1,True,24.951082469950236,arc
8.460913742906115,11.142857142857142,0,True,2.961038430852204,arc
8.460913742906115,11.142857142857142,-1,True,0.25035725361024186,0
8.460913742906115,11.142857142857142,1,True,24.80320096612625,arc
8.460913742906115,12.0,0,True,3.075521392699053,arc
8.460913742906115,12.0,-1,True,0.29693836459053274,0
8.460913742906115,12.0,1,True,24.701499548653103,arc
8.974095851837747,0.0,0,True,4.794173685464693,arc
8.974095851837747,0.0,-1,True,0.08504174570695416,arc
8.974095851837747,0.0,1,True,34.27427850886946,arc
8.974095851837747,0.8571428571428571,0,True,4.538658955492194,arc
8.974095851837747,0.8571428571428571,-1,True,0.055448034187967524,arc
8.974095851837747,0.8571428571428571,1,True,33.5760165829975,arc
8.974095851837747,1.7142857142857142,0,True,4.308875337648475,arc
8.974095851837747,1.7142857142857142,-1,True,0.038005889477210036,1
8.974095851837747,1.7142857142857142,1,True,32.91646902062148,arc
8.974095851837747,2.571428571428571,0,True,4.10539329672208,arc
8.974095851837747,2.571428571428571,-1,True,0.03231019577183967,1
8.974095851837747,2.571428571428571,1,True,32.29635944032424,arc
8.974095851837747,3.4285714285714284,0,True,3.929321186263655,arc
8.974095851837747,3.4285714285714284,-1,True,0.0371874711141752,0
8.974095851837747,3.4285714285714284,1,True,31.716679894800404,arc
8.974095851837747,4.285714285714286,0,True,3.7809592405008186,arc
8.974095851837747,4.285714285714286,-1,True,0.04635604147195049,0
8.974095851837747,4.285714285714286,1,True,31.17859808790962,arc
8.974095851837747,5.142857142857142,0,True,3.660905976400794,arc
8.974095851837747,5.142857142857142,-1,True,0.0587568344938669,0
8.974095851837747,5.142857142857142,1,True,30.68219496746748,arc
8.974095851837747,6.0,0,True,3.569784467353549,arc
8.974095851837747,6.0,-1,True,0.07438985017992447,0
8.974095851837747,6.0,1,True,30.229794815770227,arc
8.974095851837747,6.857142857142857,0,True,3.5078966416022173,arc
8.974095851837747,6.857142857142857,-1,True,0.09325508853012315,0
8.974095851837747,6.857142857142857,1,True,29.82076739399929,arc
8.974095851837747,7.7142857142857135,0,True,3.4753477037687075,arc
8.974095851837747,7.7142857142857135,-1,True,0.11535254954446295,0
8.974095851837747,7.7142857142857135,1,True,29.45644212436366,arc
8.974095851837747,8.571428571428571,0,True,3.47227363539771,arc
8.974095851837747,8.571428571428571,-1,True,0.1406822332229439,0
8.974095851837747,8.571428571428571,1,True,29.137542063917238,arc
8.974095851837747,9.428571428571429,0,True,3.498532595306049,arc
8.974095851837747,9.428571428571429,-1,True,0.16924413956556605,0
8.974095851837747,9.428571428571429,1,True,28.864741839815327,arc
8.974095851837747,10.285714285714285,0,True,3.55304658850823,arc
8.974095851837747,10.285714285714285,-1,True,0.20103826857232915,0
8.974095851837747,10.285714285714285,1,True,28.639101247822783,arc
8.974095851837747,11.142857142857142,0,True,3.635326968812777,arc
8.974095851837747,11.142857142857142,-1,True,0.2360646202432335,0
8.974095851837747,11.142857142857142,1,True,28.46054418773619,arc
8.974095851837747,12.0,0,True,3.743697524325296,arc
8.974095851837747,12.0,-1,True,0.27432319457827903,0
8.974095851837747,12.0,1,True,28.32955993753034,arc
9.48727796076938,0.0,0,True,5.86897002671182,arc
9.48727796076938,0.0,-1,True,0.14468279726196942,arc
9.48727796076938,0.0,1,True,38.83658617199636,arc
9.48727796076938,0.8571428571428571,0,True,5.5854259017348955,arc
9.48727796076938,0.8571428571428571,-1,True,0.10479754859775081,arc
9.48727796076938,0.8571428571428571,1,True,38.09106060698779,arc
9.48727796076938,1.7142857142857142,0,True,5.328678931321223,arc
9.48727796076938,1.7142857142857142,-1,True,0.07832851108071157,arc
9.48727796076938,1.7142857142857142,1,True,37.38817179851426,arc
9.48727796076938,2.571428571428571,0,True,5.099120988803394,arc
9.48727796076938,2.571428571428571,-1,True,0.06508655418124598,arc
9.48727796076938,2.571428571428571,1,True,36.72441493052925,arc
9.48727796076938,3.4285714285714284,0,True,4.898580812322397,arc
9.48727796076938,3.4285714285714284,-1,True,0.06429422155117437,1
9.48727796076938,3.4285714285714284,1,True,36.102174105975806,arc
9.48727796076938,4.285714285714286,0,True,4.725927130287795,arc
9.48727796076938,4.285714285714286,-1,True,0.07518827338198007,0
9.48727796076938,4.285714285714286,1,True,35.52235752436301,arc
9.48727796076938,5.142857142857142,0,True,4.584135237546599,arc
9.48727796076938,5.142857142857142,-1,True,0.09215404418513838,0
9.48727796076938,5.142857142857142,1,True,34.98596918333969,arc
9.48727796076938,6.0,0,True,4.47178777275128,arc
9.48727796076938,6.0,-1,True,0.1120643286414145,0
9.48727796076938,6.0,1,True,34.49363503534068,arc
9.48727796076938,6.857142857142857,0,True,4.3900720416729495,arc
9.48727796076938,6.857142857142857,-1,True,0.1349191267508084,0
9.48727796076938,6.857142857142857,1,True,34.04635395886211,arc
9.48727796076938,7.7142857142857135,0,True,4.339211872950793,arc
9.48727796076938,7.7142857142857135,-1,True,0.16071843851332007,0
9.48727796076938,7.7142857142857135,1,True,33.64493539145218,arc
9.48727796076938,8.571428571428571,0,True,4.318984344826221,arc
9.48727796076938,8.571428571428571,-1,True,0.1894622639289496,0
9.48727796076938,8.571428571428571,1,True,33.290069431253784,arc
9.48727796076938,9.428571428571429,0,True,4.330280908249034,arc
9.48727796076938,9.428571428571429,-1,True,0.22115060299769684,0
9.48727796076938,9.428571428571429,1,True,32.982463773297326,arc
9.48727796076938,10.285714285714285,0,True,4.3716503240954365,arc
9.48727796076938,10.285714285714285,-1,True,0.25578345571956185,0
9.48727796076938,10.285714285714285,1,True,32.72375109967647,arc
9.48727796076938,11.142857142857142,0,True,4.442854816229055,arc
9.48727796076938,11.142857142857142,-1,True,0.2933608220945447,0
9.48727796076938,11.142857142857142,1,True,32.51285593995766,arc
9.48727796076938,12.0,0,True,4.542835864878683,arc
9.48727796076938,12.0,-1,True,0.3338827021226453,0
9.48727796076938,12.0,1,True,32.350881369548816,arc
10.000460069701012,0.0,0,True,7.1152099404092075,arc
10.000460069701012,0.0,-1,True,0.23131451671118866,arc
10.000460069701012,0.0,1,True,43.839284327403945,arc
10.000460069701012,0.8571428571428571,0,True,6.80219761952959,arc
10.000460069701012,0.8571428571428571,-1,True,0.17964678141742996,arc
10.000460069701012,0.8571428571428571,1,True,43.04792486082721,arc
10.000460069701012,1.7142857142857142,0,True,6.51703909403649,arc
10.000460069701012,1.7142857142857142,-1,True,0.1425567265682858,arc
10.000460069701012,1.7142857142857142,1,True,42.2974243515296,arc
10.000460069701012,2.571428571428571,0,True,6.260487188712947,arc
10.000460069701012,2.571428571428571,-1,True,0.12012943123531544,arc
10.000460069701012,2.571428571428571,1,True,41.588559506231746,arc
10.000460069701012,3.4285714285714284,0,True,6.033283627521829,arc
10.000460069701012,3.4285714285714284,-1,True,0.1120689373723113,arc
10.000460069701012,3.4285714285714284,1,True,40.92221743726166,arc
10.000460069701012,4.285714285714286,0,True,5.83626947666587,arc
10.000460069701012,4.285714285714286,-1,True,0.1174425805326828,1
10.000460069701012,4.285714285714286,1,True,40.29944685022973,arc
10.000460069701012,5.142857142857142,0,True,5.669269239400526,arc
10.000460069701012,5.142857142857142,-1,True,0.13462526277847342,1
10.000460069701012,5.142857142857142,1,True,39.72101231762384,arc
10.000460069701012,6.0,0,True,5.534850837163717,arc
10.000460069701012,6.0,-1,True,0.16241888417668868,0
10.000460069701012,6.0,1,True,39.1882370524458,arc
10.000460069701012,6.857142857142857,0,True,5.431760052737444,arc
10.000460069701012,6.857142857142857,-1,True,0.1947320539623657,0
10.000460069701012,6.857142857142857,1,True,38.70084612441276,arc
10.000460069701012,7.7142857142857135,0,True,5.3608898347801475,arc
10.000460069701012,7.7142857142857135,-1,True,0.2304576854705955,0
10.000460069701012,7.7142857142857135,1,True,38.261198122086114,arc
10.000460069701012,8.571428571428571,0,True,5.322460316381948,arc
10.000460069701012,8.571428571428571,-1,True,0.26959577870137824,0
10.000460069701012,8.571428571428571,1,True,37.86976911235247,arc
10.000460069701012,9.428571428571429,0,True,5.316146276370992,arc
10.000460069701012,9.428571428571429,-1,True,0.31214633365471406,0
10.000460069701012,9.428571428571429,1,True,37.526120861640436,arc
10.000460069701012,10.285714285714285,0,True,5.342377485434841,arc
10.000460069701012,10.285714285714285,-1,True,0.35810935033060237,0
10.000460069701012,10.285714285714285,1,True,37.23166598643099,arc
10.000460069701012,11.142857142857142,0,True,5.400957138293238,arc
10.000460069701012,11.142857142857142,-1,True,0.4074848287290436,0
10.000460069701012,11.142857142857142,1,True,36.98693458577887,arc
10.000460069701012,12.0,0,True,5.490037503301796,arc
10.000460069701012,12.0,-1,True,0.46027276885003787,0
10.000460069701012,12.0,1,True,36.793190295392904,arc
10.513642178632644,0.0,0,True,8.550102375516513,arc
10.513642178632644,0.0,-1,True,0.3519999681234327,arc
10.513642178632644,0.0,1,True,49.31116671101745,arc
10.513642178632644,0.8571428571428571,0,True,8.206187544178146,arc
10.513642178632644,0.8571428571428571,-1,True,0.2871050304571683,arc
10.513642178632644,0.8571428571428571,1,True,48.47122010350363,arc
10.513642178632644,1.7142857142857142,0,True,7.891176980301968,arc
10.513642178632644,1.7142857142857142,-1,True,0.23796156708319907,arc
10.513642178632644,1.7142857142857142,1,True,47.67306534991366,arc
10.513642178632644,2.571428571428571,0,True,7.605845710496297,arc
10.513642178632644,2.571428571428571,-1,True,0.20471991903696515,arc
10.513642178632644,2.571428571428571,1,True,46.91762058327373,arc
10.513642178632644,3.4285714285714284,0,True,7.350974450798805,arc
10.513642178632644,3.4285714285714284,-1,True,0.18739166166942722,arc
10.513642178632644,3.4285714285714284,1,True,46.20601987270338,arc
10.513642178632644,4.285714285714286,0,True,7.127315859444966,arc
10.513642178632644,4.285714285714286,-1,True,0.1856269873021995,arc
10.513642178632644,4.285714285714286,1,True,45.53872485933336,arc
10.513642178632644,5.142857142857142,0,True,6.93550351379789,arc
10.513642178632644,5.142857142857142,-1,True,0.19835808170738115,arc
10.513642178632644,5.142857142857142,1,True,44.9170286348077,arc
10.513642178632644,6.0,0,True,6.776407999928097,arc
10.513642178632644,6.0,-1,True,0.22344607086096668,1
10.513642178632644,6.0,1,True,44.341702757660045,arc
10.513642178632644,6.857142857142857,0,True,6.650265281847176,arc
10.513642178632644,6.857142857142857,-1,True,0.25958125634012236,1
10.513642178632644,6.857142857142857,1,True,43.813634427707385,arc
10.513642178632644,7.7142857142857135,0,True,6.557636605280733,arc
10.513642178632644,7.7142857142857135,-1,True,0.3066035995432894,0
10.513642178632644,7.7142857142857135,1,True,43.33366801320835,arc
10.513642178632644,8.571428571428571,0,True,6.499261691336584,arc
10.513642178632644,8.571428571428571,-1,True,0.360438245927131,0
10.513642178632644,8.571428571428571,1,True,42.90260467760671,arc
10.513642178632644,9.428571428571429,0,True,6.474690772440606,arc
10.513642178632644,9.428571428571429,-1,True,0.41878840327444405,0
10.513642178632644,9.428571428571429,1,True,42.52146905326197,arc
10.513642178632644,10.285714285714285,0,True,6.483904269460782,arc
10.513642178632644,10.285714285714285,-1,True,0.48165407158522844,0
10.513642178632644,10.285714285714285,1,True,42.19083285777252,arc
10.513642178632644,11.142857142857142,0,True,6.527043799587287,arc
10.513642178632644,11.142857142857142,-1,True,0.5490352508594845,0
10.513642178632644,11.142857142857142,1,True,41.91110341647904,arc
10.513642178632644,12.0,0,True,6.6028283002392705,arc
10.513642178632644,12.0,-1,True,0.620931941097212,0
10.513642178632644,12.0,1,True,41.682827996736506,arc
11.026824287564276,0.0,0,True,10.191688755291818,arc
11.026824287564276,0.0,-1,True,0.514671629743821,arc
11.026824287564276,0.0,1,True,55.27918131278632,arc
11.026824287564276,0.8571428571428571,0,True,9.815571058213074,arc
11.026824287564276,0.8571428571428571,-1,True,0.4351368215362155,arc
11.026824287564276,0.8571428571428571,1,True,54.38920973829777,arc
11.026824287564276,1.7142857142857142,0,True,9.46905390917438,arc
11.026824287564276,1.7142857142857142,-1,True,0.37241229648137936,arc
11.026824287564276,1.7142857142857142,1,True,53.54213317205141,arc
11.026824287564276,2.571428571428571,0,True,9.153492785947812,arc
11.026824287564276,2.571428571428571,-1,True,0.3268331002905899,arc
11.026824287564276,2.571428571428571,1,True,52.73868384093457,arc
11.026824287564276,3.4285714285714284,0,True,8.86969204264686,arc
11.026824287564276,3.4285714285714284,-1,True,0.2986162903616363,arc
11.026824287564276,3.4285714285714284,1,True,51.97994395071771,arc
11.026824287564276,4.285714285714286,0,True,8.618004095724462,arc
11.026824287564276,4.285714285714286,-1,True,0.28754988899004347,arc
11.026824287564276,4.285714285714286,1,True,51.2667009673404,arc
11.026824287564276,5.142857142857142,0,True,8.399339456525876,arc
11.026824287564276,5.142857142857142,-1,True,0.29325540075050954,arc
11.026824287564276,5.142857142857142,1,True,50.60035402113327,arc
11.026824287564276,6.0,0,True,8.214569918977807,arc
11.026824287564276,6.0,-1,True,0.3144717001011943,arc
11.026824287564276,6.0,1,True,49.9816361808273,arc
11.026824287564276,6.857142857142857,0,True,8.064005700748806,arc
11.026824287564276,6.857142857142857,-1,True,0.34937246893709195,arc
11.026824287564276,6.857142857142857,1,True,49.41101796587675,arc
11.026824287564276,7.7142857142857135,0,True,7.948390839714623,arc
11.026824287564276,7.7142857142857135,-1,True,0.39540730984747047,1
11.026824287564276,7.7142857142857135,1,True,48.88985237334535,arc
11.026824287564276,8.571428571428571,0,True,7.867940728628804,arc
11.026824287564276,8.571428571428571,-1,True,0.45174442582207525,1
11.026824287564276,8.571428571428571,1,True,48.4187191935433,arc
11.026824287564276,9.428571428571429,0,True,7.822373691999861,arc
11.026824287564276,9.428571428571429,-1,True,0.5182939854974903,1
11.026824287564276,9.428571428571429,1,True,47.99825338443782,arc
11.026824287564276,10.285714285714285,0,True,7.813693491490996,arc
11.026824287564276,10.285714285714285,-1,True,0.5950849482746299,1
11.026824287564276,10.285714285714285,1,True,47.62931715583959,arc
11.026824287564276,11.142857142857142,0,True,7.8395493227023465,arc
11.026824287564276,11.142857142857142,-1,True,0.6815449227460606,0
11.026824287564276,11.142857142857142,1,True,47.31263709128362,arc
11.026824287564276,12.0,0,True,7.90074794308846,arc
11.026824287564276,12.0,-1,True,0.7744701292142842,0
11.026824287564276,12.0,1,True,47.049033471679195,arc
11.540006396495908,0.0,0,True,12.059473458195395,arc
11.540006396495908,0.0,-1,True,0.7281805675373059,arc
11.540006396495908,0.0,1,True,61.77475982582966,arc
11.540006396495908,0.8571428571428571,0,True,11.649097010033232,arc
11.540006396495908,0.8571428571428571,-1,True,0.6325327855695675,arc
11.540006396495908,0.8571428571428571,1,True,60.83329134689524,arc
11.540006396495908,1.7142857142857142,0,True,11.270281484039893,arc
11.540006396495908,1.7142857142857142,-1,True,0.5547735274468946,arc
11.540006396495908,1.7142857142857142,1,True,59.93555382794151,arc
11.540006396495908,2.571428571428571,0,True,10.923010888109072,arc
11.540006396495908,2.571428571428571,-1,True,0.49539981566620916,arc
11.540006396495908,2.571428571428571,1,True,59.08257781414842,arc
11.540006396495908,3.4285714285714284,0,True,10.608410563649638,arc
11.540006396495908,3.4285714285714284,-1,True,0.45461931860909066,arc
11.540006396495908,3.4285714285714284,1,True,58.27543720345648,arc
11.540006396495908,4.285714285714286,0,True,10.327247609291339,arc
11.540006396495908,4.285714285714286,-1,True,0.43253488201733403,arc
11.540006396495908,4.285714285714286,1,True,57.514988727807406,arc
11.540006396495908,5.142857142857142,0,True,10.080252847035965,arc
11.540006396495908,5.142857142857142,-1,True,0.429040963547554,arc
11.540006396495908,5.142857142857142,1,True,56.80219891618273,arc
11.540006396495908,6.0,0,True,9.868330305261741,arc
11.540006396495908,6.0,-1,True,0.4433884982568629,arc
11.540006396495908,6.0,1,True,56.13794321919589,arc
11.540006396495908,6.857142857142857,0,True,9.691815123451205,arc
11.540006396495908,6.857142857142857,-1,True,0.47433560338890557,arc
11.540006396495908,6.857142857142857,1,True,55.5232120634727,arc
11.540006396495908,7.7142857142857135,0,True,9.551394124314662,arc
11.540006396495908,7.7142857142857135,-1,True,0.5200922054443776,arc
11.540006396495908,7.7142857142857135,1,True,54.95881080733956,arc
11.540006396495908,8.571428571428571,0,True,9.447418417026848,arc
11.540006396495908,8.571428571428571,-1,True,0.5786696034418506,arc
11.540006396495908,8.571428571428571,1,True,54.44560828742645,arc
11.540006396495908,9.428571428571429,0,True,9.38083038713783,arc
11.540006396495908,9.428571428571429,-1,True,0.6478336726442853,1
11.540006396495908,9.428571428571429,1,True,53.984765784765955,arc
11.540006396495908,10.285714285714285,0,True,9.350953283652728,arc
11.540006396495908,10.285714285714285,-1,True,0.7266382811168455,1
11.540006396495908,10.285714285714285,1,True,53.57595362879849,arc
11.540006396495908,11.142857142857142,0,True,9.358237213220228,arc
11.540006396495908,11.142857142857142,-1,True,0.8149250008654092,1
11.540006396495908,11.142857142857142,1,True,53.22198488047597,arc
11.540006396495908,12.0,0,True,9.402389707241749,arc
11.540006396495908,12.0,-1,True,0.9127415693323959,1
11.540006396495908,12.0,1,True,52.92121914040425,arc
12.05318850542754,0.0,0,True,14.172691997760689,arc
12.05318850542754,0.0,-1,True,1.0020322500460401,arc
12.05318850542754,0.0,1,True,68.82573167486838,arc
12.05318850542754,0.8571428571428571,0,True,13.727327342294402,arc
12.05318850542754,0.8571428571428571,-1,True,0.888765576201025,arc
12.05318850542754,0.8571428571428571,1,True,67.83087886478052,arc
12.05318850542754,1.7142857142857142,0,True,13.314065080857556,arc
12.05318850542754,1.7142857142857142,-1,True,0.7945373264894017,arc
12.05318850542754,1.7142857142857142,1,True,66.88132897314011,arc
12.05318850542754,2.571428571428571,0,True,12.933673854195913,arc
12.05318850542754,2.571428571428571,-1,True,0.7199032556762597,arc
12.05318850542754,2.571428571428571,1,True,65.97744501016196,arc
12.05318850542754,3.4285714285714284,0,True,12.587020958780046,arc
12.05318850542754,3.4285714285714284,-1,True,0.6651027191523773,arc
12.05318850542754,3.4285714285714284,1,True,65.1205113077886,arc
12.05318850542754,4.285714285714286,0,True,12.27489518984531,arc
12.05318850542754,4.285714285714286,-1,True,0.6303650166582009,arc
12.05318850542754,4.285714285714286,1,True,64.31129054795815,arc
12.05318850542754,5.142857142857142,0,True,11.998089221231623,arc
12.05318850542754,5.142857142857142,-1,True,0.615809188704853,arc
12.05318850542754,5.142857142857142,1,True,63.55103514679922,arc
12.05318850542754,6.0,0,True,11.757311157645136,arc
12.05318850542754,6.0,-1,True,0.6211048991242729,arc
12.05318850542754,6.0,1,True,62.84030122346644,arc
12.05318850542754,6.857142857142857,0,True,11.553526702030908,arc
12.05318850542754,6.857142857142857,-1,True,0.6452968867787318,arc
12.05318850542754,6.857142857142857,1,True,62.18021080321368,arc
12.05318850542754,7.7142857142857135,0,True,11.386893865213372,arc
12.05318850542754,7.7142857142857135,-1,True,0.6872067964448585,arc
12.05318850542754,7.7142857142857135,1,True,61.57167186846979,arc
12.05318850542754,8.571428571428571,0,True,11.258083780765954,arc
12.05318850542754,8.571428571428571,-1,True,0.7449746530812288,arc
12.05318850542754,8.571428571428571,1,True,61.015359960355674,arc
12.05318850542754,9.428571428571429,0,True,11.167783199285786,arc
12.05318850542754,9.428571428571429,-1,True,0.8169318161382675,arc
12.05318850542754,9.428571428571429,1,True,60.51201241270975,arc
12.05318850542754,10.285714285714285,0,True,11.115927736105782,arc
12.05318850542754,10.285714285714285,-1,True,0.9013594321268183,arc
12.05318850542754,10.285714285714285,1,True,60.0626079983371,arc
12.05318850542754,11.142857142857142,0,True,11.102517437930837,arc
12.05318850542754,11.142857142857142,-1,True,0.9968452287204574,arc
12.05318850542754,11.142857142857142,1,True,59.667864885364935,arc
12.05318850542754,12.0,0,True,11.12784623531056,arc
12.05318850542754,12.0,-1,True,1.1019520181591647,1
12.05318850542754,12.0,1,True,59.328334749944716,arc
12.566370614359172,0.0,0,True,16.552235165370675,arc
12.566370614359172,0.0,-1,True,1.346666208129656,arc
12.566370614359172,0.0,1,True,76.46490876911172,arc
12.566370614359172,0.8571428571428571,0,True,16.07016214506332,arc
12.566370614359172,0.8571428571428571,-1,True,1.2145422241522492,arc
12.566370614359172,0.8571428571428571,1,True,75.41579892927766,arc
12.566370614359172,1.7142857142857142,0,True,15.621223834193076,arc
12.566370614359172,1.7142857142857142,-1,True,1.1023712571429853,arc
12.566370614359172,1.7142857142857142,1,True,74.41264169566612,arc
12.566370614359172,2.571428571428571,0,True,15.20570074268991,arc
12.566370614359172,2.571428571428571,-1,True,1.0108436829029963,arc
12.566370614359172,2.571428571428571,1,True,73.45631496666012,arc
12.566370614359172,3.4285714285714284,0,True,14.826136205912082,arc
12.566370614359172,3.4285714285714284,-1,True,0.9405319044554356,arc
12.566370614359172,3.4285714285714284,1,True,72.54800722946078,arc
12.566370614359172,4.285714285714286,0,True,14.481607821065431,arc
12.566370614359172,4.285714285714286,-1,True,0.8915712205898004,arc
12.566370614359172,4.285714285714286,1,True,71.68856452952798,arc
12.566370614359172,5.142857142857142,0,True,14.173506720871991,arc
12.566370614359172,5.142857142857142,-1,True,0.8642562826629233,arc
12.566370614359172,5.142857142857142,1,True,70.87878973384753,arc
12.566370614359172,6.0,0,True,13.902565581442953,arc
12.566370614359172,6.0,-1,True,0.8585078020258483,arc
12.566370614359172,6.0,1,True,70.11981263295674,arc
12.566370614359172,6.857142857142857,0,True,13.6698950860498,arc
12.566370614359172,6.857142857142857,-1,True,0.8737717003540324,arc
12.566370614359172,6.857142857142857,1,True,69.41275505258915,arc
12.566370614359172,7.7142857142857135,0,True,13.47551744787189,arc
12.566370614359172,7.7142857142857135,-1,True,0.9090858858454278,arc
12.566370614359172,7.7142857142857135,1,True,68.75820060972774,arc
12.566370614359172,8.571428571428571,0,True,13.320201642428088,arc
12.566370614359172,8.571428571428571,-1,True,0.9632012344539731,arc
12.566370614359172,8.571428571428571,1,True,68.15666397516202,arc
12.566370614359172,9.428571428571429,0,True,13.204774898739423,arc
12.566370614359172,9.428571428571429,-1,True,1.0343194452860103,arc
12.566370614359172,9.428571428571429,1,True,67.61010064498468,arc
12.566370614359172,10.285714285714285,0,True,13.12901912738435,arc
12.566370614359172,10.285714285714285,-1,True,1.1206629972058688,arc
12.566370614359172,10.285714285714285,1,True,67.11772017090604,arc
12.566370614359172,11.142857142857142,0,True,13.093607777214867,arc
12.566370614359172,11.142857142857142,-1,True,1.2208994515077949,arc
12.566370614359172,11.142857142857142,1,True,66.68282105710053,arc
12.566370614359172,12.0,0,True,13.098283971775107,arc
12.566370614359172,12.0,-1,True,1.3336890237331072,arc
12.566370614359172,12.0,1,True,66.30337840528065,arc
